CATEGORY*,START*,STOP*,MILES*,PURPOSE*,START_DATE,START_TIME,END_DATE,END_TIME,Weekday,Duration
Business,Fort Pierce,Fort Pierce,5.1,Meal/Entertain,2016-01-01,21:11:00,2016-01-01,21:17:00,4,6.0
Business,Fort Pierce,Fort Pierce,5.0,Meeting,2016-01-02,01:25:00,2016-01-02,01:37:00,5,12.0
Business,Fort Pierce,Fort Pierce,4.8,Errand/Supplies,2016-01-02,20:25:00,2016-01-02,20:38:00,5,13.0
Business,Fort Pierce,Fort Pierce,4.7,Meeting,2016-01-05,17:31:00,2016-01-05,17:45:00,1,14.0
Business,Fort Pierce,West Palm Beach,63.7,Customer Visit,2016-01-06,14:42:00,2016-01-06,15:49:00,2,67.0
Business,West Palm Beach,West Palm Beach,4.3,Meal/Entertain,2016-01-06,17:15:00,2016-01-06,17:19:00,2,4.0
Business,West Palm Beach,Palm Beach,7.1,Meeting,2016-01-06,17:30:00,2016-01-06,17:35:00,2,5.0
Business,Cary,Cary,0.8,Meeting,2016-01-07,13:27:00,2016-01-07,13:33:00,3,6.0
Business,Cary,Morrisville,8.3,Meeting,2016-01-10,08:05:00,2016-01-10,08:25:00,6,20.0
Business,Jamaica,New York,16.5,Customer Visit,2016-01-10,12:17:00,2016-01-10,12:44:00,6,27.0
Business,New York,Queens,10.8,Meeting,2016-01-10,15:08:00,2016-01-10,15:51:00,6,43.0
Business,Elmhurst,New York,7.5,Meeting,2016-01-10,18:18:00,2016-01-10,18:53:00,6,35.0
Business,Midtown,East Harlem,6.2,Meeting,2016-01-10,19:12:00,2016-01-10,19:32:00,6,20.0
Business,East Harlem,NoMad,6.4,Temporary Site,2016-01-11,08:55:00,2016-01-11,09:21:00,0,26.0
Business,Flatiron District,Midtown,1.6,Errand/Supplies,2016-01-11,11:56:00,2016-01-11,12:03:00,0,7.0
Business,Midtown,Midtown East,1.7,Meal/Entertain,2016-01-11,13:32:00,2016-01-11,13:46:00,0,14.0
Business,Midtown East,Midtown,1.9,Meal/Entertain,2016-01-11,14:30:00,2016-01-11,14:43:00,0,13.0
Business,Midtown,Hudson Square,1.9,Meal/Entertain,2016-01-12,12:33:00,2016-01-12,12:49:00,1,16.0
Business,Hudson Square,Lower Manhattan,4.0,Meal/Entertain,2016-01-12,12:53:00,2016-01-12,13:09:00,1,16.0
Business,Lower Manhattan,Hudson Square,1.8,Errand/Supplies,2016-01-12,14:42:00,2016-01-12,14:56:00,1,14.0
Business,Hudson Square,Hell's Kitchen,2.4,Customer Visit,2016-01-12,15:13:00,2016-01-12,15:28:00,1,15.0
Business,Hell's Kitchen,Midtown,2.0,Errand/Supplies,2016-01-12,15:42:00,2016-01-12,15:54:00,1,12.0
Business,New York,Queens County,15.1,Meeting,2016-01-12,16:02:00,2016-01-12,17:00:00,1,58.0
Business,Downtown,Gulfton,11.2,Meeting,2016-01-13,13:54:00,2016-01-13,14:07:00,2,13.0
Business,Gulfton,Downtown,11.8,Meeting,2016-01-13,15:00:00,2016-01-13,15:28:00,2,28.0
Business,Houston,Houston,21.9,Customer Visit,2016-01-14,16:29:00,2016-01-14,17:05:00,3,36.0
Business,Eagan Park,Jamestown Court,3.9,Errand/Supplies,2016-01-14,21:39:00,2016-01-14,21:45:00,3,6.0
Business,Morrisville,Cary,8.0,Errand/Supplies,2016-01-15,00:41:00,2016-01-15,01:01:00,4,20.0
Business,Cary,Durham,10.4,Meal/Entertain,2016-01-15,11:43:00,2016-01-15,12:03:00,4,20.0
Business,Durham,Cary,10.4,Meal/Entertain,2016-01-15,13:26:00,2016-01-15,13:44:00,4,18.0
Business,Cary,Cary,4.8,Meal/Entertain,2016-01-18,14:55:00,2016-01-18,15:06:00,0,11.0
Business,Farmington Woods,Whitebridge,4.7,Meal/Entertain,2016-01-18,16:13:00,2016-01-18,16:24:00,0,11.0
Business,Whitebridge,Lake Wellingborough,7.2,Meeting,2016-01-19,09:09:00,2016-01-19,09:23:00,1,14.0
Business,Lake Wellingborough,Whitebridge,7.6,Temporary Site,2016-01-19,10:55:00,2016-01-19,11:09:00,1,14.0
Business,Cary,Raleigh,17.1,Meeting,2016-01-20,10:36:00,2016-01-20,11:11:00,2,35.0
Business,Fayetteville Street,Umstead,15.1,Meeting,2016-01-20,11:48:00,2016-01-20,12:19:00,2,31.0
Business,Raleigh,Cary,40.2,Customer Visit,2016-01-20,13:25:00,2016-01-20,14:19:00,2,54.0
Business,Cary,Cary,1.6,Errand/Supplies,2016-01-21,14:25:00,2016-01-21,14:29:00,3,4.0
Business,Cary,Cary,2.4,Meal/Entertain,2016-01-21,14:43:00,2016-01-21,14:51:00,3,8.0
Business,Cary,Cary,1.0,Meal/Entertain,2016-01-21,16:01:00,2016-01-21,16:06:00,3,5.0
Business,Whitebridge,Hazelwood,2.0,Meal/Entertain,2016-01-26,10:41:00,2016-01-26,10:50:00,1,9.0
Business,Hazelwood,Whitebridge,2.3,Errand/Supplies,2016-01-26,12:33:00,2016-01-26,12:41:00,1,8.0
Business,Whitebridge,Westpark Place,1.9,Errand/Supplies,2016-01-26,16:24:00,2016-01-26,16:32:00,1,8.0
Business,Cary,Cary,1.4,Errand/Supplies,2016-01-26,17:17:00,2016-01-26,17:22:00,1,5.0
Business,Cary,Cary,0.5,Errand/Supplies,2016-01-26,17:27:00,2016-01-26,17:29:00,1,2.0
Business,Cary,Cary,1.8,Meeting,2016-01-27,09:24:00,2016-01-27,09:31:00,2,7.0
Business,Cary,Raleigh,18.7,Customer Visit,2016-01-27,10:19:00,2016-01-27,10:48:00,2,29.0
Business,Fairmont,Meredith Townes,3.4,Customer Visit,2016-01-27,12:34:00,2016-01-27,12:44:00,2,10.0
Business,Raleigh,Raleigh,2.7,Customer Visit,2016-01-27,14:05:00,2016-01-27,14:13:00,2,8.0
Business,Raleigh,Cary,12.9,Customer Visit,2016-01-27,14:46:00,2016-01-27,15:08:00,2,22.0
Business,Cary,Raleigh,19.0,Temporary Site,2016-01-28,12:28:00,2016-01-28,13:00:00,3,32.0
Business,Meredith Townes,Leesville Hollow,14.7,Meeting,2016-01-28,15:11:00,2016-01-28,15:31:00,3,20.0
Business,Raleigh,Cary,15.7,Meeting,2016-01-28,16:21:00,2016-01-28,16:51:00,3,30.0
Business,Cary,Cary,4.6,Customer Visit,2016-01-29,09:31:00,2016-01-29,09:45:00,4,14.0
Business,Cary,Cary,5.2,Meeting,2016-01-29,10:56:00,2016-01-29,11:07:00,4,11.0
Business,Cary,Durham,10.4,Meeting,2016-01-29,11:43:00,2016-01-29,12:03:00,4,20.0
Business,Durham,Cary,10.1,Meeting,2016-01-29,13:24:00,2016-01-29,13:47:00,4,23.0
Business,Cary,Apex,5.8,Errand/Supplies,2016-01-29,18:31:00,2016-01-29,18:52:00,4,21.0
Business,Apex,Cary,5.5,Meal/Entertain,2016-01-29,21:21:00,2016-01-29,21:40:00,4,19.0
Business,Cary,Apex,5.7,Errand/Supplies,2016-01-30,16:21:00,2016-01-30,16:33:00,5,12.0
Business,Apex,Cary,5.7,Customer Visit,2016-01-30,18:09:00,2016-01-30,18:24:00,5,15.0
Business,Cary,Chapel Hill,19.4,Customer Visit,2016-02-01,10:35:00,2016-02-01,11:15:00,0,40.0
Business,Chapel Hill,Cary,23.3,Customer Visit,2016-02-01,12:10:00,2016-02-01,12:43:00,0,33.0
Business,Northwoods,Whitebridge,3.9,Meal/Entertain,2016-02-01,12:56:00,2016-02-01,13:07:00,0,11.0
Business,Whitebridge,Williamsburg Manor,8.3,Meeting,2016-02-02,13:04:00,2016-02-02,13:23:00,1,19.0
Business,Cary,Cary,6.0,Errand/Supplies,2016-02-02,13:51:00,2016-02-02,14:06:00,1,15.0
Business,Cary,Cary,1.6,Errand/Supplies,2016-02-02,14:38:00,2016-02-02,14:42:00,1,4.0
Business,Cary,Morrisville,5.2,Errand/Supplies,2016-02-04,08:40:00,2016-02-04,09:01:00,3,21.0
Business,Morrisville,Cary,9.7,Meal/Entertain,2016-02-04,09:37:00,2016-02-04,10:09:00,3,32.0
Business,Cary,Cary,1.6,Meal/Entertain,2016-02-04,10:26:00,2016-02-04,10:32:00,3,6.0
Business,Cary,Cary,1.1,Meal/Entertain,2016-02-04,15:59:00,2016-02-04,16:03:00,3,4.0
Business,Cary,Cary,1.6,Meal/Entertain,2016-02-04,16:35:00,2016-02-04,16:39:00,3,4.0
Business,Whitebridge,Macgregor Downs,9.0,Meeting,2016-02-04,18:04:00,2016-02-04,18:31:00,3,27.0
Business,Cary,Cary,7.7,Meeting,2016-02-04,20:36:00,2016-02-04,20:55:00,3,19.0
Business,Cary,Durham,10.4,Meeting,2016-02-05,11:47:00,2016-02-05,12:07:00,4,20.0
Business,Durham,Cary,10.4,Meeting,2016-02-05,13:22:00,2016-02-05,13:41:00,4,19.0
Business,Cary,Raleigh,11.4,Between Offices,2016-02-06,16:20:00,2016-02-06,16:53:00,5,33.0
Business,Raleigh,Cary,9.0,Errand/Supplies,2016-02-06,18:57:00,2016-02-06,19:21:00,5,24.0
Business,Edgehill Farms,Whitebridge,3.2,Meal/Entertain,2016-02-06,19:28:00,2016-02-06,19:37:00,5,9.0
Business,Cary,Apex,5.6,Errand/Supplies,2016-02-07,16:49:00,2016-02-07,17:01:00,6,12.0
Business,Apex,Cary,5.7,Customer Visit,2016-02-07,18:03:00,2016-02-07,18:17:00,6,14.0
Business,Cary,Morrisville,6.1,Temporary Site,2016-02-07,18:39:00,2016-02-07,18:53:00,6,14.0
Business,Morrisville,Cary,6.1,Meeting,2016-02-07,20:22:00,2016-02-07,20:40:00,6,18.0
Business,Whitebridge,Edgehill Farms,4.3,Meal/Entertain,2016-02-08,12:57:00,2016-02-08,13:08:00,0,11.0
Business,Edgehill Farms,Whitebridge,2.7,Meal/Entertain,2016-02-08,14:00:00,2016-02-08,14:10:00,0,10.0
Personal,Whitebridge,Northwoods,5.3,Meeting,2016-02-09,10:54:00,2016-02-09,11:07:00,1,13.0
Personal,Northwoods,Tanglewood,3.0,Meeting,2016-02-09,11:43:00,2016-02-09,11:50:00,1,7.0
Personal,Tanglewood,Preston,5.1,Meeting,2016-02-09,13:36:00,2016-02-09,13:52:00,1,16.0
Personal,Preston,Whitebridge,1.5,Meeting,2016-02-09,13:58:00,2016-02-09,14:02:00,1,4.0
Business,Cary,Morrisville,6.1,Meeting,2016-02-09,18:55:00,2016-02-09,19:11:00,1,16.0
Business,Morrisville,Cary,6.1,Meal/Entertain,2016-02-09,20:24:00,2016-02-09,20:40:00,1,16.0
Business,Cary,Raleigh,17.3,Meal/Entertain,2016-02-11,16:28:00,2016-02-11,17:10:00,3,42.0
Business,Eastgate,Walnut Terrace,5.7,Meal/Entertain,2016-02-11,17:49:00,2016-02-11,18:10:00,3,21.0
Business,Raleigh,Morrisville,13.5,Temporary Site,2016-02-11,18:24:00,2016-02-11,18:46:00,3,22.0
Business,Morrisville,Cary,6.1,Temporary Site,2016-02-11,20:36:00,2016-02-11,20:51:00,3,15.0
Business,Cary,Durham,8.5,Temporary Site,2016-02-12,08:21:00,2016-02-12,08:42:00,4,21.0
Business,Durham,Morrisville,2.6,Temporary Site,2016-02-12,10:45:00,2016-02-12,10:52:00,4,7.0
Business,Morrisville,Raleigh,17.0,Customer Visit,2016-02-12,11:14:00,2016-02-12,11:35:00,4,21.0
Business,Raleigh,Cary,18.0,Meeting,2016-02-12,13:02:00,2016-02-12,13:36:00,4,34.0
Business,Cary,Morrisville,8.4,Meeting,2016-02-12,14:49:00,2016-02-12,15:06:00,4,17.0
Business,Morrisville,Cary,11.5,Customer Visit,2016-02-12,15:33:00,2016-02-12,16:06:00,4,33.0
Business,Cary,Morrisville,8.9,Meeting,2016-02-13,14:21:00,2016-02-13,14:41:00,5,20.0
Personal,East Elmhurst,Jackson Heights,2.7,Meeting,2016-02-13,23:45:00,2016-02-14,00:01:00,5,16.0
Personal,Jackson Heights,East Elmhurst,1.8,Meeting,2016-02-14,00:50:00,2016-02-14,01:00:00,6,10.0
Business,East Elmhurst,New York,8.1,Meeting,2016-02-14,14:07:00,2016-02-14,14:40:00,6,33.0
Business,Midtown,Midtown West,2.0,Meeting,2016-02-14,14:46:00,2016-02-14,15:03:00,6,17.0
Business,New York,Long Island City,13.0,Meeting,2016-02-14,16:35:00,2016-02-14,17:02:00,6,27.0
Business,Long Island City,Jamaica,13.9,Meeting,2016-02-14,17:06:00,2016-02-14,17:29:00,6,23.0
Business,Morrisville,Cary,8.1,Customer Visit,2016-02-22,21:54:00,2016-02-22,22:09:00,0,15.0
Business,Whitebridge,Preston,1.5,Meeting,2016-02-24,14:30:00,2016-02-24,14:35:00,2,5.0
Business,Preston,Whitebridge,1.7,Errand/Supplies,2016-02-24,15:19:00,2016-02-24,15:25:00,2,6.0
Business,Whitebridge,Heritage Pines,3.1,Errand/Supplies,2016-02-25,16:27:00,2016-02-25,16:35:00,3,8.0
Business,Heritage Pines,Whitebridge,3.2,Errand/Supplies,2016-02-25,16:47:00,2016-02-25,17:02:00,3,15.0
Business,Whitebridge,Tanglewood,6.0,Meal/Entertain,2016-02-25,17:16:00,2016-02-25,17:36:00,3,20.0
Business,Tanglewood,Whitebridge,5.8,Meal/Entertain,2016-02-25,18:22:00,2016-02-25,18:39:00,3,17.0
Business,Whitebridge,Westpark Place,6.3,Meeting,2016-02-26,09:06:00,2016-02-26,09:29:00,4,23.0
Personal,Westpark Place,Whitebridge,1.7,Meeting,2016-02-26,11:05:00,2016-02-26,11:11:00,4,6.0
Business,Cary,Durham,10.6,Meeting,2016-02-26,11:35:00,2016-02-26,11:59:00,4,24.0
Business,Durham,Cary,9.9,Meeting,2016-02-26,13:01:00,2016-02-26,13:24:00,4,23.0
Personal,Whitebridge,Westpark Place,1.9,Meeting,2016-02-26,14:38:00,2016-02-26,14:46:00,4,8.0
Personal,Westpark Place,Hazelwood,4.2,Meeting,2016-02-26,15:00:00,2016-02-26,15:18:00,4,18.0
Personal,Hazelwood,Whitebridge,2.0,Meeting,2016-02-26,17:01:00,2016-02-26,17:12:00,4,11.0
Business,Whitebridge,Waverly Place,7.7,Meeting,2016-02-28,05:22:00,2016-02-28,05:38:00,6,16.0
Business,Waverly Place,Whitebridge,6.8,Meeting,2016-02-28,09:26:00,2016-02-28,09:42:00,6,16.0
Personal,Whitebridge,Westpark Place,2.1,Meeting,2016-02-29,11:07:00,2016-02-29,11:14:00,0,7.0
Business,Cary,Apex,3.8,Meeting,2016-02-29,11:30:00,2016-02-29,11:40:00,0,10.0
Business,Apex,Cary,5.6,Meeting,2016-02-29,12:36:00,2016-02-29,12:48:00,0,12.0
Business,Whitebridge,Hazelwood,2.6,Meeting,2016-02-29,14:55:00,2016-02-29,15:03:00,0,8.0
Business,Hazelwood,Whitebridge,6.6,Customer Visit,2016-02-29,16:40:00,2016-02-29,17:00:00,0,20.0
Business,Whitebridge,Wayne Ridge,8.0,Meal/Entertain,2016-03-01,18:47:00,2016-03-01,19:10:00,1,23.0
Business,Wayne Ridge,Whitebridge,8.0,Meeting,2016-03-01,21:27:00,2016-03-01,21:45:00,1,18.0
Personal,Whitebridge,Westpark Place,2.2,Meeting,2016-03-03,09:45:00,2016-03-03,09:52:00,3,7.0
Business,Westpark Place,Whitebridge,2.3,Errand/Supplies,2016-03-03,11:04:00,2016-03-03,11:10:00,3,6.0
Business,Whitebridge,Northwoods,5.2,Meal/Entertain,2016-03-03,14:44:00,2016-03-03,14:58:00,3,14.0
Business,Cary,Raleigh,7.6,Customer Visit,2016-03-03,15:27:00,2016-03-03,15:48:00,3,21.0
Business,Raleigh,Cary,17.3,Meeting,2016-03-03,16:02:00,2016-03-03,16:42:00,3,40.0
Business,Cary,Durham,9.9,Meeting,2016-03-04,07:47:00,2016-03-04,08:06:00,4,19.0
Business,Durham,Cary,9.9,Customer Visit,2016-03-04,09:46:00,2016-03-04,10:03:00,4,17.0
Business,Cary,Durham,10.4,Meeting,2016-03-04,11:46:00,2016-03-04,12:06:00,4,20.0
Business,Durham,Cary,10.9,Meeting,2016-03-04,13:03:00,2016-03-04,13:25:00,4,22.0
Business,Cary,Raleigh,15.7,Customer Visit,2016-03-04,13:40:00,2016-03-04,14:09:00,4,29.0
Business,Raleigh,Raleigh,4.9,Meal/Entertain,2016-03-04,15:56:00,2016-03-04,16:08:00,4,12.0
Business,Fayetteville Street,Depot Historic District,0.8,Errand/Supplies,2016-03-04,16:16:00,2016-03-04,16:22:00,4,6.0
Business,Raleigh,Cary,13.5,Meeting,2016-03-04,16:43:00,2016-03-04,17:12:00,4,29.0
Business,Cary,Morrisville,1.9,Temporary Site,2016-03-04,19:02:00,2016-03-04,19:08:00,4,6.0
Business,Morrisville,Cary,2.0,Meal/Entertain,2016-03-04,19:16:00,2016-03-04,19:25:00,4,9.0
Business,Cary,Morrisville,6.5,Meal/Entertain,2016-03-05,11:44:00,2016-03-05,11:59:00,5,15.0
Personal,Weston,Weston,4.2,Meeting,2016-03-05,12:57:00,2016-03-05,13:12:00,5,15.0
Personal,Morrisville,Cary,3.5,Meeting,2016-03-05,14:08:00,2016-03-05,14:18:00,5,10.0
Business,Whitebridge,Wayne Ridge,7.8,Meal/Entertain,2016-03-05,14:39:00,2016-03-05,15:01:00,5,22.0
Business,Cary,Morrisville,7.8,Meal/Entertain,2016-03-05,16:52:00,2016-03-05,17:13:00,5,21.0
Business,Morrisville,Cary,3.9,Meal/Entertain,2016-03-05,17:23:00,2016-03-05,17:34:00,5,11.0
Business,Whitebridge,Edgehill Farms,2.8,Errand/Supplies,2016-03-07,09:10:00,2016-03-07,09:20:00,0,10.0
Business,Cary,Raleigh,12.4,Customer Visit,2016-03-07,09:23:00,2016-03-07,09:47:00,0,24.0
Business,Fayetteville Street,Meredith Townes,5.9,Customer Visit,2016-03-07,12:10:00,2016-03-07,12:26:00,0,16.0
Business,Meredith Townes,Leesville Hollow,9.4,Meeting,2016-03-07,13:57:00,2016-03-07,14:18:00,0,21.0
Business,Raleigh,Cary,11.9,Between Offices,2016-03-07,15:19:00,2016-03-07,15:45:00,0,26.0
Business,Whitebridge,Waverly Place,7.2,Between Offices,2016-03-08,14:38:00,2016-03-08,14:55:00,1,17.0
Business,Waverly Place,Whitebridge,7.6,Meal/Entertain,2016-03-08,15:35:00,2016-03-08,16:00:00,1,25.0
Personal,Whitebridge,Whitebridge,1.6,Meeting,2016-03-08,16:13:00,2016-03-08,16:25:00,1,12.0
Business,Cary,Morrisville,8.4,Meeting,2016-03-10,03:36:00,2016-03-10,03:53:00,3,17.0
Business,East Austin,West University,12.8,Meeting,2016-03-10,10:08:00,2016-03-10,10:37:00,3,29.0
Business,West University,South Congress,2.3,Meeting,2016-03-10,14:39:00,2016-03-10,14:55:00,3,16.0
Business,South Congress,Arts District,1.6,Meeting,2016-03-10,16:18:00,2016-03-10,16:28:00,3,10.0
Business,The Drag,Congress Ave District,2.0,Meal/Entertain,2016-03-11,09:47:00,2016-03-11,09:59:00,4,12.0
Business,Congress Ave District,Downtown,0.8,Meeting,2016-03-11,10:29:00,2016-03-11,10:36:00,4,7.0
Business,Downtown,Red River District,1.2,Meeting,2016-03-11,11:57:00,2016-03-11,12:04:00,4,7.0
Business,Red River District,Downtown,1.0,Meeting,2016-03-11,13:43:00,2016-03-11,13:51:00,4,8.0
Business,South Congress,The Drag,2.1,Meeting,2016-03-11,19:21:00,2016-03-11,19:35:00,4,14.0
Business,The Drag,South Congress,2.2,Meeting,2016-03-12,09:13:00,2016-03-12,09:22:00,5,9.0
Personal,South Congress,The Drag,1.9,Meeting,2016-03-12,18:27:00,2016-03-12,18:37:00,5,10.0
Business,The Drag,Convention Center District,5.7,Meal/Entertain,2016-03-13,09:07:00,2016-03-13,09:37:00,6,30.0
Business,South Congress,North Austin,8.4,Meal/Entertain,2016-03-13,18:23:00,2016-03-13,18:43:00,6,20.0
Business,Georgian Acres,The Drag,6.2,Meal/Entertain,2016-03-13,20:07:00,2016-03-13,20:28:00,6,21.0
Business,The Drag,North Austin,10.5,Meal/Entertain,2016-03-13,20:39:00,2016-03-13,20:58:00,6,19.0
Business,North Austin,Coxville,7.2,Meal/Entertain,2016-03-13,21:11:00,2016-03-13,21:23:00,6,12.0
Business,Coxville,The Drag,12.5,Meeting,2016-03-13,22:19:00,2016-03-13,22:39:00,6,20.0
Business,The Drag,South Congress,2.0,Errand/Supplies,2016-03-14,08:34:00,2016-03-14,08:49:00,0,15.0
Business,South Congress,The Drag,2.7,Meeting,2016-03-14,18:39:00,2016-03-14,18:55:00,0,16.0
Business,The Drag,Convention Center District,2.0,Meal/Entertain,2016-03-15,08:45:00,2016-03-15,08:57:00,1,12.0
Business,Downtown,The Drag,2.8,Meal/Entertain,2016-03-15,20:48:00,2016-03-15,21:01:00,1,13.0
Business,The Drag,Congress Ave District,1.7,Meal/Entertain,2016-03-16,11:34:00,2016-03-16,11:45:00,2,11.0
Business,Convention Center District,West University,2.0,Meeting,2016-03-16,14:44:00,2016-03-16,14:55:00,2,11.0
Business,West University,Congress Ave District,2.1,Meal/Entertain,2016-03-16,18:43:00,2016-03-16,18:56:00,2,13.0
Personal,Downtown,The Drag,1.7,Meeting,2016-03-17,00:33:00,2016-03-17,00:44:00,3,11.0
Business,Austin,Katy,136.0,Customer Visit,2016-03-17,12:52:00,2016-03-17,15:11:00,3,139.0
Business,Katy,Houston,30.2,Meeting,2016-03-17,15:16:00,2016-03-17,15:58:00,3,42.0
Business,Midtown,Alief,15.5,Meal/Entertain,2016-03-17,17:20:00,2016-03-17,18:02:00,3,42.0
Personal,Houston,Houston,4.9,Meeting,2016-03-17,18:47:00,2016-03-17,19:09:00,3,22.0
Personal,Houston,Houston,12.6,Meeting,2016-03-17,20:57:00,2016-03-17,21:28:00,3,31.0
Personal,Sharpstown,Midtown,10.4,Meeting,2016-03-17,21:48:00,2016-03-17,22:04:00,3,16.0
Business,Midtown,Midtown,1.1,Meal/Entertain,2016-03-18,07:15:00,2016-03-18,07:21:00,4,6.0
Business,Midtown,Midtown,1.1,Meal/Entertain,2016-03-18,08:35:00,2016-03-18,08:43:00,4,8.0
Business,Midtown,Sharpstown,13.2,Meeting,2016-03-18,18:24:00,2016-03-18,19:08:00,4,44.0
Business,Sharpstown,Sharpstown,1.0,Errand/Supplies,2016-03-18,19:23:00,2016-03-18,19:29:00,4,6.0
Business,Sharpstown,Midtown,9.2,Customer Visit,2016-03-18,21:01:00,2016-03-18,21:15:00,4,14.0
Business,Midtown,Sharpstown,9.4,Meal/Entertain,2016-03-19,09:10:00,2016-03-19,09:25:00,5,15.0
Business,Houston,Sugar Land,12.0,Customer Visit,2016-03-19,12:50:00,2016-03-19,13:13:00,5,23.0
Business,Sugar Land,Houston,35.1,Customer Visit,2016-03-19,14:01:00,2016-03-19,14:57:00,5,56.0
Business,Houston,Galveston,36.5,Meal/Entertain,2016-03-19,15:34:00,2016-03-19,16:38:00,5,64.0
Business,Galveston,Port Bolivar,3.1,Meal/Entertain,2016-03-19,17:17:00,2016-03-19,17:32:00,5,15.0
Business,Port Bolivar,Port Bolivar,2.1,Errand/Supplies,2016-03-19,17:37:00,2016-03-19,17:47:00,5,10.0
Business,Port Bolivar,Port Bolivar,1.2,Meeting,2016-03-19,17:52:00,2016-03-19,18:00:00,5,8.0
Business,Port Bolivar,Galveston,7.5,Meeting,2016-03-19,18:53:00,2016-03-19,19:29:00,5,36.0
Business,Galveston,Houston,57.0,Customer Visit,2016-03-19,19:33:00,2016-03-19,20:39:00,5,66.0
Business,Midtown,Washington Avenue,5.9,Meeting,2016-03-20,07:37:00,2016-03-20,07:48:00,6,11.0
Business,Washington Avenue,Midtown,6.2,Meeting,2016-03-20,11:42:00,2016-03-20,11:56:00,6,14.0
Business,Midtown,Sharpstown,10.4,Meeting,2016-03-20,17:08:00,2016-03-20,17:34:00,6,26.0
Personal,Sharpstown,Briar Meadow,1.2,Meeting,2016-03-20,18:34:00,2016-03-20,18:40:00,6,6.0
Business,Briar Meadow,Midtown,9.6,Customer Visit,2016-03-20,18:45:00,2016-03-20,19:06:00,6,21.0
Personal,Midtown,Downtown,1.0,Meeting,2016-03-21,10:21:00,2016-03-21,10:26:00,0,5.0
Business,Downtown,Midtown,0.9,Meal/Entertain,2016-03-21,16:05:00,2016-03-21,16:13:00,0,8.0
Business,Midtown,Sharpstown,8.8,Meeting,2016-03-21,18:59:00,2016-03-21,19:15:00,0,16.0
Business,Sharpstown,Midtown,25.6,Meal/Entertain,2016-03-21,20:18:00,2016-03-21,20:55:00,0,37.0
Business,Midtown,Greater Greenspoint,23.0,Meal/Entertain,2016-03-22,06:17:00,2016-03-22,06:43:00,1,26.0
Personal,Morrisville,Cary,8.1,Meeting,2016-03-22,12:06:00,2016-03-22,12:24:00,1,18.0
Personal,Whitebridge,Whitebridge,1.4,Meeting,2016-03-22,19:12:00,2016-03-22,19:25:00,1,13.0
Personal,Whitebridge,Preston,1.7,Meeting,2016-03-23,14:37:00,2016-03-23,14:42:00,2,5.0
Personal,Preston,Whitebridge,1.6,Meeting,2016-03-23,14:53:00,2016-03-23,14:59:00,2,6.0
Personal,Whitebridge,Westpark Place,2.0,Meeting,2016-03-24,19:47:00,2016-03-24,19:54:00,3,7.0
Business,Westpark Place,Whitebridge,2.2,Meeting,2016-03-24,20:34:00,2016-03-24,20:40:00,3,6.0
Business,Cary,Latta,144.0,Customer Visit,2016-03-25,13:24:00,2016-03-25,16:22:00,4,178.0
Business,Latta,Jacksonville,310.3,Customer Visit,2016-03-25,16:52:00,2016-03-25,22:22:00,4,330.0
Business,Jacksonville,Kissimmee,201.0,Meeting,2016-03-25,22:54:00,2016-03-26,01:39:00,4,165.0
Personal,Couples Glen,Isles of Buena Vista,6.7,Meeting,2016-03-26,14:05:00,2016-03-26,14:29:00,5,24.0
Personal,Kissimmee,Orlando,8.8,Meeting,2016-03-26,15:19:00,2016-03-26,15:49:00,5,30.0
Personal,Lake Reams,Lake Reams,1.2,Meeting,2016-03-26,16:26:00,2016-03-26,16:30:00,5,4.0
Business,Lake Reams,Lake Reams,2.1,Errand/Supplies,2016-03-27,00:31:00,2016-03-27,00:40:00,6,9.0
Business,Orlando,Kissimmee,6.6,Meal/Entertain,2016-03-27,01:11:00,2016-03-27,01:23:00,6,12.0
Business,Kissimmee,Orlando,6.1,Customer Visit,2016-03-27,15:31:00,2016-03-27,15:56:00,6,25.0
Personal,Orlando,Orlando,6.9,Meeting,2016-03-27,21:26:00,2016-03-27,21:41:00,6,15.0
Personal,Orlando,Kissimmee,7.3,Meeting,2016-03-27,23:04:00,2016-03-27,23:18:00,6,14.0
Personal,Kissimmee,Orlando,3.6,Meeting,2016-03-28,12:29:00,2016-03-28,12:42:00,0,13.0
Personal,Couples Glen,Vista East,27.2,Meeting,2016-03-28,19:30:00,2016-03-28,20:23:00,0,53.0
Personal,Orlando,Kissimmee,25.7,Meeting,2016-03-28,22:55:00,2016-03-28,23:26:00,0,31.0
Personal,Kissimmee,Orlando,13.6,Meeting,2016-03-29,15:27:00,2016-03-29,16:11:00,1,44.0
Personal,Sand Lake Commons,Sky Lake,6.2,Meeting,2016-03-29,18:20:00,2016-03-29,18:39:00,1,19.0
Personal,Sky Lake,Sand Lake Commons,6.0,Meeting,2016-03-29,20:29:00,2016-03-29,20:44:00,1,15.0
Personal,Orlando,Kissimmee,13.8,Meeting,2016-03-29,23:04:00,2016-03-29,23:21:00,1,17.0
Business,Orlando,Kissimmee,28.8,Meal/Entertain,2016-03-30,22:05:00,2016-03-30,22:55:00,2,50.0
Business,Kissimmee,Orlando,16.1,Temporary Site,2016-03-31,12:47:00,2016-03-31,13:22:00,3,35.0
Business,Orlando,Kissimmee,16.4,Meal/Entertain,2016-03-31,14:37:00,2016-03-31,15:09:00,3,32.0
Business,Kissimmee,Kissimmee,11.0,Meeting,2016-04-01,13:43:00,2016-04-01,14:01:00,4,18.0
Business,Kissimmee,Orlando,15.5,Customer Visit,2016-04-01,14:36:00,2016-04-01,15:24:00,4,48.0
Business,Orlando,Kissimmee,20.3,Meeting,2016-04-01,16:01:00,2016-04-01,16:49:00,4,48.0
Personal,Kissimmee,Kissimmee,0.7,Meeting,2016-04-01,16:52:00,2016-04-01,16:57:00,4,5.0
Personal,Kissimmee,Kissimmee,5.5,Meeting,2016-04-02,08:48:00,2016-04-02,09:04:00,5,16.0
Personal,Kissimmee,Kissimmee,5.1,Meeting,2016-04-02,11:01:00,2016-04-02,11:16:00,5,15.0
Business,Kissimmee,Daytona Beach,77.3,Customer Visit,2016-04-02,12:21:00,2016-04-02,14:47:00,5,146.0
Business,Daytona Beach,Jacksonville,80.5,Customer Visit,2016-04-02,16:57:00,2016-04-02,18:09:00,5,72.0
Business,Jacksonville,Ridgeland,174.2,Customer Visit,2016-04-02,19:38:00,2016-04-02,22:36:00,5,178.0
Business,Ridgeland,Florence,144.0,Meeting,2016-04-02,23:11:00,2016-04-03,01:34:00,5,143.0
Business,Florence,Cary,159.3,Meeting,2016-04-03,02:00:00,2016-04-03,04:16:00,6,136.0
Business,Whitebridge,Wayne Ridge,7.9,Meal/Entertain,2016-04-05,21:39:00,2016-04-05,21:55:00,1,16.0
Business,Wayne Ridge,Whitebridge,8.0,Meal/Entertain,2016-04-06,00:19:00,2016-04-06,00:39:00,2,20.0
Business,Cary,Morrisville,6.1,Meal/Entertain,2016-04-07,18:20:00,2016-04-07,18:39:00,3,19.0
Business,Morrisville,Cary,6.1,Errand/Supplies,2016-04-07,19:45:00,2016-04-07,20:00:00,3,15.0
Business,Cary,Durham,10.5,Meeting,2016-04-08,12:30:00,2016-04-08,12:48:00,4,18.0
Business,Durham,Cary,8.7,Meal/Entertain,2016-04-08,13:34:00,2016-04-08,13:51:00,4,17.0
Business,Westpark Place,Whitebridge,1.8,Errand/Supplies,2016-04-08,13:55:00,2016-04-08,14:03:00,4,8.0
Business,Cary,Raleigh,19.1,Meeting,2016-04-08,14:43:00,2016-04-08,15:20:00,4,37.0
Business,Raleigh,Cary,18.6,Meeting,2016-04-08,16:05:00,2016-04-08,16:47:00,4,42.0
Business,Whitebridge,Edgehill Farms,2.8,Errand/Supplies,2016-04-12,09:15:00,2016-04-12,09:26:00,1,11.0
Business,Cary,Raleigh,8.9,Meeting,2016-04-12,09:34:00,2016-04-12,09:53:00,1,19.0
Business,Meredith,Cedar Hill,7.5,Customer Visit,2016-04-12,10:58:00,2016-04-12,11:18:00,1,20.0
Business,Raleigh,Morrisville,15.9,Meeting,2016-04-12,12:22:00,2016-04-12,12:44:00,1,22.0
Business,Morrisville,Cary,6.5,Meal/Entertain,2016-04-12,13:42:00,2016-04-12,14:01:00,1,19.0
Business,Cary,Holly Springs,15.3,Temporary Site,2016-04-14,07:29:00,2016-04-14,08:09:00,3,40.0
Business,Holly Springs,Cary,13.7,Temporary Site,2016-04-14,16:00:00,2016-04-14,16:43:00,3,43.0
Business,Cary,Raleigh,11.9,Temporary Site,2016-04-15,11:36:00,2016-04-15,12:07:00,4,31.0
Business,Meredith Townes,Harden Place,1.4,Errand/Supplies,2016-04-15,12:29:00,2016-04-15,12:32:00,4,3.0
Business,Raleigh,Cary,15.2,Meeting,2016-04-15,14:31:00,2016-04-15,15:01:00,4,30.0
Business,Cary,Morrisville,6.0,Errand/Supplies,2016-04-16,12:59:00,2016-04-16,13:17:00,5,18.0
Business,Morrisville,Cary,6.1,Meal/Entertain,2016-04-16,15:10:00,2016-04-16,15:26:00,5,16.0
Business,Whitebridge,Wayne Ridge,8.2,Meal/Entertain,2016-04-19,17:44:00,2016-04-19,18:08:00,1,24.0
Business,Wayne Ridge,Whitebridge,8.0,Meal/Entertain,2016-04-19,19:57:00,2016-04-19,20:19:00,1,22.0
Business,Cary,Raleigh,13.6,Meeting,2016-04-22,08:25:00,2016-04-22,09:04:00,4,39.0
Business,Raleigh,Cary,22.5,Meeting,2016-04-22,10:10:00,2016-04-22,10:40:00,4,30.0
Business,Cary,Durham,10.4,Meeting,2016-04-22,12:08:00,2016-04-22,12:28:00,4,20.0
Business,Durham,Cary,10.0,Meeting,2016-04-22,13:02:00,2016-04-22,13:26:00,4,24.0
Business,Whitebridge,Tanglewood,6.0,Meal/Entertain,2016-04-23,17:03:00,2016-04-23,17:16:00,5,13.0
Business,Tanglewood,Whitebridge,6.5,Meal/Entertain,2016-04-23,18:49:00,2016-04-23,19:05:00,5,16.0
Business,Cary,Morrisville,3.1,Errand/Supplies,2016-04-24,19:07:00,2016-04-24,19:16:00,6,9.0
Business,Chessington,Chessington,1.9,Errand/Supplies,2016-04-24,19:46:00,2016-04-24,19:52:00,6,6.0
Business,Morrisville,Cary,4.2,Between Offices,2016-04-24,21:41:00,2016-04-24,21:50:00,6,9.0
Business,Whitebridge,Burtrose,4.9,Between Offices,2016-04-27,13:30:00,2016-04-27,13:40:00,2,10.0
Business,Burtrose,Whitebridge,4.8,Between Offices,2016-04-27,14:13:00,2016-04-27,14:25:00,2,12.0
Business,Cary,Raleigh,12.4,Customer Visit,2016-04-28,12:09:00,2016-04-28,12:34:00,3,25.0
Business,Raleigh,Cary,32.8,Customer Visit,2016-04-28,13:30:00,2016-04-28,13:49:00,3,19.0
Business,Morrisville,Cary,5.5,Customer Visit,2016-04-28,22:10:00,2016-04-28,22:28:00,3,18.0
Business,Cary,Durham,9.9,Meeting,2016-04-29,11:44:00,2016-04-29,12:01:00,4,17.0
Business,Durham,Cary,10.0,Meeting,2016-04-29,13:13:00,2016-04-29,13:34:00,4,21.0
Business,Cary,Durham,14.2,Customer Visit,2016-04-29,18:46:00,2016-04-29,19:18:00,4,32.0
Business,Durham,Cary,18.2,Meeting,2016-04-29,22:44:00,2016-04-29,23:19:00,4,35.0
Business,Whitebridge,Waverly Place,7.7,Meal/Entertain,2016-04-30,18:42:00,2016-04-30,18:57:00,5,15.0
Business,Waverly Place,Whitebridge,6.8,Meeting,2016-04-30,22:16:00,2016-04-30,22:34:00,5,18.0
Business,Whitebridge,Westpark Place,2.1,Meal/Entertain,2016-05-01,13:45:00,2016-05-01,13:53:00,6,8.0
Business,Westpark Place,Whitebridge,2.3,Meeting,2016-05-01,14:26:00,2016-05-01,14:31:00,6,5.0
Business,Whitebridge,Tanglewood,6.2,Between Offices,2016-05-01,17:33:00,2016-05-01,17:45:00,6,12.0
Business,Tanglewood,Parkway,7.5,Meeting,2016-05-01,17:54:00,2016-05-01,18:10:00,6,16.0
Business,Parkway,Whitebridge,3.1,Errand/Supplies,2016-05-01,22:38:00,2016-05-01,22:49:00,6,11.0
Business,Whitebridge,Westpark Place,2.2,Errand/Supplies,2016-05-02,14:14:00,2016-05-02,14:21:00,0,7.0
Business,Westpark Place,Whitebridge,3.9,Meal/Entertain,2016-05-02,15:37:00,2016-05-02,15:48:00,0,11.0
Business,Morrisville,Cary,2.5,Meal/Entertain,2016-05-03,22:20:00,2016-05-03,22:28:00,1,8.0
Business,Cary,Morrisville,8.7,Meal/Entertain,2016-05-04,15:16:00,2016-05-04,15:37:00,2,21.0
Business,Mcvan,Capitol One,14.5,Errand/Supplies,2016-05-04,20:55:00,2016-05-04,21:14:00,2,19.0
Business,Capitol One,University District,4.5,Meal/Entertain,2016-05-04,21:30:00,2016-05-04,21:36:00,2,6.0
Business,University District,Capitol One,5.0,Meal/Entertain,2016-05-04,22:19:00,2016-05-04,22:27:00,2,8.0
Business,Seattle,Redmond,14.2,Meal/Entertain,2016-05-05,21:24:00,2016-05-05,21:36:00,3,12.0
Business,Redmond,Bellevue,2.9,Errand/Supplies,2016-05-05,22:34:00,2016-05-05,22:40:00,3,6.0
Business,Bellevue,Seattle,12.9,Meeting,2016-05-05,23:55:00,2016-05-06,00:08:00,3,13.0
Business,Capitol One,Mcvan,14.4,Meeting,2016-05-06,05:47:00,2016-05-06,06:02:00,4,15.0
Business,Chapel Hill,Morrisville,17.0,Meeting,2016-05-06,16:45:00,2016-05-06,16:59:00,4,14.0
Business,Morrisville,Cary,7.9,Customer Visit,2016-05-06,17:18:00,2016-05-06,17:44:00,4,26.0
Business,Cary,Morrisville,8.4,Customer Visit,2016-05-09,06:08:00,2016-05-09,06:25:00,0,17.0
Business,San Francisco,Palo Alto,20.5,Between Offices,2016-05-09,14:39:00,2016-05-09,15:06:00,0,27.0
Business,Palo Alto,Sunnyvale,9.8,Customer Visit,2016-05-09,17:58:00,2016-05-09,18:26:00,0,28.0
Business,Sunnyvale,Newark,17.6,Customer Visit,2016-05-09,19:35:00,2016-05-09,19:59:00,0,24.0
Business,Newark,Menlo Park,9.3,Customer Visit,2016-05-10,09:03:00,2016-05-10,09:20:00,1,17.0
Business,Menlo Park,Newark,7.9,Customer Visit,2016-05-10,17:19:00,2016-05-10,17:31:00,1,12.0
Business,Newark,San Francisco,25.6,Meeting,2016-05-11,08:35:00,2016-05-11,09:12:00,2,37.0
Business,Morrisville,Cary,8.1,Meeting,2016-05-11,21:47:00,2016-05-11,22:04:00,2,17.0
Business,Cary,Morrisville,3.1,Meal/Entertain,2016-05-14,18:35:00,2016-05-14,18:39:00,5,4.0
Business,Morrisville,Cary,3.1,Meal/Entertain,2016-05-14,23:01:00,2016-05-14,23:05:00,5,4.0
Business,Whitebridge,Preston,2.8,Errand/Supplies,2016-05-17,13:15:00,2016-05-17,13:23:00,1,8.0
Business,Preston,Westpark Place,2.7,Errand/Supplies,2016-05-17,13:56:00,2016-05-17,14:08:00,1,12.0
Business,Westpark Place,Whitebridge,1.9,Errand/Supplies,2016-05-17,14:34:00,2016-05-17,14:40:00,1,6.0
Business,Cary,Morrisville,8.4,Customer Visit,2016-05-18,09:11:00,2016-05-18,09:41:00,2,30.0
Business,Morrisville,Raleigh,7.6,Customer Visit,2016-05-18,13:00:00,2016-05-18,13:02:00,2,2.0
Business,Old City,Parkway Museums,2.9,Meal/Entertain,2016-05-19,14:37:00,2016-05-19,15:01:00,3,24.0
Business,Old City,Hog Island,11.2,Meeting,2016-05-20,10:56:00,2016-05-20,11:07:00,4,11.0
Business,Morrisville,Cary,8.2,Meal/Entertain,2016-05-20,15:43:00,2016-05-20,16:12:00,4,29.0
Business,Cary,Morrisville,3.0,Meal/Entertain,2016-05-22,15:39:00,2016-05-22,15:46:00,6,7.0
Business,Morrisville,Cary,2.5,Meal/Entertain,2016-05-22,18:46:00,2016-05-22,18:53:00,6,7.0
Business,Whitebridge,Savon Height,3.6,Meal/Entertain,2016-05-23,20:19:00,2016-05-23,20:27:00,0,8.0
Business,Savon Height,Whitebridge,3.6,Errand/Supplies,2016-05-23,21:09:00,2016-05-23,21:21:00,0,12.0
Business,Whitebridge,Kildaire Farms,4.5,Errand/Supplies,2016-05-27,20:26:00,2016-05-27,20:30:00,4,4.0
Business,Savon Height,Kilarney Woods,1.2,Meeting,2016-05-27,20:47:00,2016-05-27,20:53:00,4,6.0
Business,Kilarney Woods,Kildaire Farms,1.7,Errand/Supplies,2016-05-27,22:11:00,2016-05-27,22:14:00,4,3.0
Business,Kilarney Woods,Whitebridge,4.7,Errand/Supplies,2016-05-28,00:15:00,2016-05-28,00:21:00,5,6.0
Business,Cary,Morrisville,6.1,Meal/Entertain,2016-05-28,12:52:00,2016-05-28,13:06:00,5,14.0
Business,Morrisville,Cary,11.3,Customer Visit,2016-05-28,14:35:00,2016-05-28,15:04:00,5,29.0
Business,Cary,Raleigh,14.9,Meeting,2016-05-31,13:54:00,2016-05-31,14:41:00,1,47.0
Business,Raleigh,Cary,14.0,Meeting,2016-05-31,16:02:00,2016-05-31,16:39:00,1,37.0
Business,Westpark Place,Whitebridge,1.8,Meeting,2016-05-31,17:50:00,2016-05-31,17:59:00,1,9.0
Business,Cary,Morrisville,6.7,Customer Visit,2016-06-01,10:19:00,2016-06-01,10:47:00,2,28.0
Business,Morrisville,Cary,9.6,Meeting,2016-06-01,13:10:00,2016-06-01,13:39:00,2,29.0
Business,Cary,Durham,10.4,Meeting,2016-06-03,11:29:00,2016-06-03,11:49:00,4,20.0
Business,Durham,Cary,9.9,Meeting,2016-06-03,13:08:00,2016-06-03,13:38:00,4,30.0
Business,Cary,Morrisville,6.0,Meal/Entertain,2016-06-03,15:31:00,2016-06-03,15:54:00,4,23.0
Business,Townes at Everett Crossing,Chessington,3.3,Errand/Supplies,2016-06-03,18:14:00,2016-06-03,18:29:00,4,15.0
Business,Morrisville,Cary,3.1,Errand/Supplies,2016-06-03,18:41:00,2016-06-03,18:53:00,4,12.0
Business,Huntington Woods,Weston,1.7,Errand/Supplies,2016-06-03,19:36:00,2016-06-03,19:42:00,4,6.0
Business,Morrisville,Cary,4.0,Between Offices,2016-06-03,22:47:00,2016-06-03,23:06:00,4,19.0
Business,Whitebridge,Savon Height,7.8,Customer Visit,2016-06-05,14:03:00,2016-06-05,14:33:00,6,30.0
Business,Cary,Morrisville,7.8,Customer Visit,2016-06-05,15:06:00,2016-06-05,15:22:00,6,16.0
Business,Weston,Weston,3.8,Meal/Entertain,2016-06-05,15:57:00,2016-06-05,16:08:00,6,11.0
Business,Morrisville,Cary,2.5,Meal/Entertain,2016-06-05,18:05:00,2016-06-05,18:14:00,6,9.0
Business,Cary,Durham,9.9,Meeting,2016-06-05,21:53:00,2016-06-05,22:05:00,6,12.0
Business,Durham,Cary,9.9,Meeting,2016-06-05,23:52:00,2016-06-06,00:08:00,6,16.0
Business,Whitebridge,Hazelwood,3.0,Errand/Supplies,2016-06-06,15:36:00,2016-06-06,15:45:00,0,9.0
Business,Hazelwood,Whitebridge,2.4,Errand/Supplies,2016-06-06,16:16:00,2016-06-06,16:24:00,0,8.0
Business,Cary,Apex,5.7,Meal/Entertain,2016-06-06,20:06:00,2016-06-06,20:20:00,0,14.0
Business,Apex,Cary,7.2,Meal/Entertain,2016-06-06,21:08:00,2016-06-06,21:37:00,0,29.0
Business,Cary,Durham,10.4,Meeting,2016-06-06,21:41:00,2016-06-06,22:00:00,0,19.0
Business,Durham,Cary,9.9,Meeting,2016-06-06,23:34:00,2016-06-06,23:48:00,0,14.0
Business,Cary,Durham,10.4,Meeting,2016-06-07,21:42:00,2016-06-07,22:00:00,1,18.0
Business,Durham,Cary,9.9,Meeting,2016-06-07,23:41:00,2016-06-08,00:04:00,1,23.0
Business,Cary,Morrisville,8.7,Meal/Entertain,2016-06-08,08:23:00,2016-06-08,08:53:00,2,30.0
Business,Jamaica,New York,22.3,Errand/Supplies,2016-06-08,12:04:00,2016-06-08,13:01:00,2,57.0
Business,Seaport,Gramercy-Flatiron,3.3,Meal/Entertain,2016-06-08,13:12:00,2016-06-08,13:29:00,2,17.0
Business,Medical Centre,Tudor City,0.7,Errand/Supplies,2016-06-08,14:31:00,2016-06-08,14:37:00,2,6.0
Business,Rose Hill,Soho,2.5,Meal/Entertain,2016-06-08,16:55:00,2016-06-08,17:11:00,2,16.0
Business,Soho,Tribeca,0.5,Errand/Supplies,2016-06-08,17:16:00,2016-06-08,17:18:00,2,2.0
Business,Tribeca,Financial District,0.9,Errand/Supplies,2016-06-08,17:59:00,2016-06-08,18:05:00,2,6.0
Business,Financial District,Kips Bay,4.8,Errand/Supplies,2016-06-08,20:11:00,2016-06-08,20:25:00,2,14.0
Business,New York,Jamaica,16.3,Meeting,2016-06-10,15:19:00,2016-06-10,16:28:00,4,69.0
Business,Cary,Durham,10.4,Meeting,2016-06-10,21:47:00,2016-06-10,22:04:00,4,17.0
Business,Durham,Cary,9.9,Meeting,2016-06-10,23:53:00,2016-06-11,00:01:00,4,8.0
Business,Cary,Morrisville,3.7,Errand/Supplies,2016-06-11,17:08:00,2016-06-11,17:16:00,5,8.0
Business,Morrisville,Cary,4.6,Meal/Entertain,2016-06-11,17:34:00,2016-06-11,17:39:00,5,5.0
Business,Westpark Place,Whitebridge,1.7,Meeting,2016-06-11,17:50:00,2016-06-11,17:56:00,5,6.0
Business,Cary,Durham,10.4,Meeting,2016-06-11,21:45:00,2016-06-11,22:04:00,5,19.0
Business,Durham,Cary,9.9,Meeting,2016-06-11,23:39:00,2016-06-12,00:05:00,5,26.0
Business,Cary,Morrisville,2.5,Meal/Entertain,2016-06-12,19:53:00,2016-06-12,19:56:00,6,3.0
Business,Morrisville,Cary,4.3,Errand/Supplies,2016-06-12,20:05:00,2016-06-12,20:16:00,6,11.0
Business,Parkway,Whitebridge,2.8,Errand/Supplies,2016-06-12,21:58:00,2016-06-12,22:19:00,6,21.0
Business,Cary,Morrisville,8.4,Meal/Entertain,2016-06-13,05:23:00,2016-06-13,05:42:00,0,19.0
Business,Oakland,Emeryville,13.2,Meeting,2016-06-13,14:17:00,2016-06-13,14:46:00,0,29.0
Business,Emeryville,Berkeley,3.9,Meal/Entertain,2016-06-13,18:08:00,2016-06-13,18:47:00,0,39.0
Business,Berkeley,Oakland,5.1,Meal/Entertain,2016-06-13,18:54:00,2016-06-13,19:23:00,0,29.0
Business,Oakland,Unknown Location,5.2,Customer Visit,2016-06-13,20:00:00,2016-06-13,20:05:00,0,5.0
Business,Emeryville,San Francisco,9.8,Meeting,2016-06-14,12:03:00,2016-06-14,12:21:00,1,18.0
Business,San Francisco,Emeryville,11.6,Meeting,2016-06-14,16:09:00,2016-06-14,16:39:00,1,30.0
Business,Emeryville,Oakland,5.1,Meeting,2016-06-14,17:15:00,2016-06-14,17:24:00,1,9.0
Business,Downtown,Bay Farm Island,9.3,Errand/Supplies,2016-06-14,17:27:00,2016-06-14,17:57:00,1,30.0
Business,Kenner,New Orleans,12.4,Between Offices,2016-06-15,01:46:00,2016-06-15,02:06:00,2,20.0
Business,CBD,Lower Garden District,1.9,Between Offices,2016-06-15,15:26:00,2016-06-15,15:34:00,2,8.0
Business,Lower Garden District,Lakeview,6.4,Customer Visit,2016-06-15,16:37:00,2016-06-15,17:02:00,2,25.0
Personal,Lakeview,Storyville,5.5,Meeting,2016-06-15,17:29:00,2016-06-15,17:49:00,2,20.0
Business,Storyville,Faubourg Marigny,1.5,Meal/Entertain,2016-06-15,19:52:00,2016-06-15,19:58:00,2,6.0
Business,New Orleans,Metairie,14.5,Meeting,2016-06-16,13:36:00,2016-06-16,14:30:00,3,54.0
Business,Metairie,Kenner,2.7,Meeting,2016-06-16,14:42:00,2016-06-16,14:46:00,3,4.0
Business,Kenner,New Orleans,15.0,Meeting,2016-06-16,15:17:00,2016-06-16,15:41:00,3,24.0
Business,New Orleans,Kenner,12.9,Meeting,2016-06-16,19:39:00,2016-06-16,19:56:00,3,17.0
Business,Kenner,New Orleans,13.6,Meeting,2016-06-16,21:43:00,2016-06-16,21:56:00,3,13.0
Business,New Orleans,Kenner,12.2,Meeting,2016-06-17,16:11:00,2016-06-17,16:44:00,4,33.0
Business,Morrisville,Cary,8.7,Meeting,2016-06-18,00:29:00,2016-06-18,00:51:00,5,22.0
Business,Cary,Raleigh,6.0,Meeting,2016-06-19,02:39:00,2016-06-19,02:50:00,6,11.0
Business,Raleigh,Cary,5.9,Meeting,2016-06-19,05:51:00,2016-06-19,06:00:00,6,9.0
Business,Cary,Raleigh,19.3,Meeting,2016-06-21,15:39:00,2016-06-21,16:08:00,1,29.0
Business,Raleigh,Cary,16.6,Meal/Entertain,2016-06-21,17:11:00,2016-06-21,18:02:00,1,51.0
Business,Whitebridge,Waverly Place,7.1,Meal/Entertain,2016-06-24,10:41:00,2016-06-24,10:57:00,4,16.0
Business,Waverly Place,Macgregor Downs,2.1,Meal/Entertain,2016-06-24,11:54:00,2016-06-24,12:01:00,4,7.0
Business,Cary,Raleigh,8.6,Errand/Supplies,2016-06-24,12:19:00,2016-06-24,12:37:00,4,18.0
Business,Raleigh,Morrisville,9.0,Errand/Supplies,2016-06-24,12:50:00,2016-06-24,13:12:00,4,22.0
Business,Morrisville,Cary,3.1,Errand/Supplies,2016-06-24,13:18:00,2016-06-24,13:27:00,4,9.0
Business,Cary,Morrisville,8.4,Temporary Site,2016-06-24,14:01:00,2016-06-24,14:20:00,4,19.0
Business,Kenner,New Orleans,12.8,Meeting,2016-06-24,20:44:00,2016-06-24,21:02:00,4,18.0
Business,CBD,Bywater,4.5,Meeting,2016-06-25,09:03:00,2016-06-25,09:12:00,5,9.0
Business,New Orleans,Chalmette,11.8,Between Offices,2016-06-25,09:15:00,2016-06-25,10:08:00,5,53.0
Business,Chalmette,Arabi,1.1,Errand/Supplies,2016-06-25,10:18:00,2016-06-25,10:25:00,5,7.0
Business,Arabi,Metairie,17.0,Meal/Entertain,2016-06-25,10:50:00,2016-06-25,11:18:00,5,28.0
Business,Pontchartrain Shores,Pontchartrain Shores,1.7,Meeting,2016-06-25,11:25:00,2016-06-25,11:34:00,5,9.0
Business,Metairie,New Orleans,15.5,Meeting,2016-06-25,11:53:00,2016-06-25,13:21:00,5,88.0
Business,Storyville,Marigny,1.6,Meeting,2016-06-25,19:47:00,2016-06-25,19:58:00,5,11.0
Business,Marigny,Storyville,1.5,Meeting,2016-06-25,23:19:00,2016-06-25,23:26:00,5,7.0
Business,New Orleans,Kenner,12.6,Meeting,2016-06-26,17:43:00,2016-06-26,18:18:00,6,35.0
Business,Pontchartrain Shores,Pontchartrain Shores,4.8,Meeting,2016-06-26,18:45:00,2016-06-26,19:12:00,6,27.0
Business,Kenner,Kenner,2.2,Meeting,2016-06-26,19:41:00,2016-06-26,19:50:00,6,9.0
Business,Kenner,New Orleans,13.0,Meeting,2016-06-26,21:14:00,2016-06-26,21:42:00,6,28.0
Business,New Orleans,Covington,46.9,Meeting,2016-06-27,07:37:00,2016-06-27,08:48:00,0,71.0
Business,Covington,Covington,2.5,Meeting,2016-06-27,08:51:00,2016-06-27,09:00:00,0,9.0
Business,Covington,Covington,8.6,Meeting,2016-06-27,09:05:00,2016-06-27,09:33:00,0,28.0
Business,Covington,Covington,5.2,Meeting,2016-06-27,09:43:00,2016-06-27,10:08:00,0,25.0
Business,Covington,Covington,7.6,Meeting,2016-06-27,10:22:00,2016-06-27,10:39:00,0,17.0
Business,Covington,Covington,1.8,Meeting,2016-06-27,10:51:00,2016-06-27,10:58:00,0,7.0
Business,Covington,Mandeville,4.7,Meeting,2016-06-27,11:06:00,2016-06-27,11:24:00,0,18.0
Business,Mandeville,Mandeville,2.8,Meeting,2016-06-27,11:30:00,2016-06-27,11:42:00,0,12.0
Business,Mandeville,Metairie,30.0,Meeting,2016-06-27,12:22:00,2016-06-27,13:02:00,0,40.0
Business,Metairie,Kenner,4.4,Meeting,2016-06-27,13:56:00,2016-06-27,14:05:00,0,9.0
Business,Jamestown Court,Jamestown Court,1.0,Meeting,2016-06-27,21:09:00,2016-06-27,21:19:00,0,10.0
Business,Morrisville,Cary,8.2,Customer Visit,2016-06-28,00:48:00,2016-06-28,01:05:00,1,17.0
Business,Cary,Durham,10.4,Meeting,2016-06-28,20:13:00,2016-06-28,20:33:00,1,20.0
Business,Durham,Cary,9.9,Meeting,2016-06-28,23:34:00,2016-06-28,23:59:00,1,25.0
Business,Durham,Cary,9.9,Meeting,2016-06-28,23:34:00,2016-06-28,23:59:00,1,25.0
Business,Cary,Morrisville,7.3,Meeting,2016-06-29,08:56:00,2016-06-29,09:24:00,2,28.0
Business,Morrisville,Cary,7.4,Meeting,2016-06-29,10:22:00,2016-06-29,10:38:00,2,16.0
Business,Whitebridge,Westpark Place,1.6,Meeting,2016-06-29,11:49:00,2016-06-29,11:51:00,2,2.0
Business,Westpark Place,Whitebridge,1.8,Meeting,2016-06-29,12:11:00,2016-06-29,12:16:00,2,5.0
Business,Cary,Durham,10.4,Meeting,2016-06-29,20:11:00,2016-06-29,20:29:00,2,18.0
Business,Durham,Cary,9.9,Meeting,2016-06-29,23:38:00,2016-06-30,00:00:00,2,22.0
Business,Cary,Durham,9.9,Meeting,2016-06-30,20:09:00,2016-06-30,20:26:00,3,17.0
Business,Durham,Cary,9.9,Meeting,2016-07-01,00:00:00,2016-07-01,00:25:00,4,25.0
Business,Cary,Raleigh,13.3,Meeting,2016-07-01,09:34:00,2016-07-01,09:57:00,4,23.0
Business,Raleigh,Cary,11.3,Meeting,2016-07-01,12:36:00,2016-07-01,13:00:00,4,24.0
Business,Cary,Durham,10.5,Meeting,2016-07-01,20:06:00,2016-07-01,20:24:00,4,18.0
Business,Durham,Cary,9.9,Meeting,2016-07-01,23:48:00,2016-07-02,00:09:00,4,21.0
Business,Cary,Durham,10.1,Meeting,2016-07-02,20:18:00,2016-07-02,20:36:00,5,18.0
Business,Durham,Cary,9.9,Meeting,2016-07-02,23:48:00,2016-07-03,00:12:00,5,24.0
Business,Cary,Morrisville,3.1,Errand/Supplies,2016-07-03,00:28:00,2016-07-03,00:38:00,6,10.0
Business,Morrisville,Cary,3.1,Errand/Supplies,2016-07-03,03:02:00,2016-07-03,03:08:00,6,6.0
Business,Cary,Durham,9.9,Meeting,2016-07-03,20:00:00,2016-07-03,20:18:00,6,18.0
Business,Durham,Cary,9.9,Meeting,2016-07-04,00:32:00,2016-07-04,00:47:00,0,15.0
Business,Whitebridge,Summerwinds,8.8,Meeting,2016-07-04,17:31:00,2016-07-04,17:49:00,0,18.0
Business,Summerwinds,Whitebridge,8.7,Temporary Site,2016-07-04,18:23:00,2016-07-04,18:49:00,0,26.0
Business,Cary,Durham,11.8,Meeting,2016-07-04,20:00:00,2016-07-04,20:17:00,0,17.0
Business,Parkwood,Parkwood,1.2,Errand/Supplies,2016-07-05,00:00:00,2016-07-05,00:05:00,1,5.0
Business,Durham,Cary,9.9,Meeting,2016-07-05,00:08:00,2016-07-05,00:28:00,1,20.0
Business,Whitebridge,Whitebridge,0.6,Errand/Supplies,2016-07-05,16:48:00,2016-07-05,16:52:00,1,4.0
Business,Cary,Durham,9.9,Meeting,2016-07-05,20:06:00,2016-07-05,20:26:00,1,20.0
Business,Durham,Morrisville,8.6,Meeting,2016-07-05,22:41:00,2016-07-05,23:02:00,1,21.0
Business,Morrisville,Cary,6.3,Meal/Entertain,2016-07-06,00:33:00,2016-07-06,00:53:00,2,20.0
Business,Cary,Durham,9.9,Meeting,2016-07-06,09:06:00,2016-07-06,09:25:00,2,19.0
Business,Durham,Cary,9.9,Meeting,2016-07-06,12:48:00,2016-07-06,13:08:00,2,20.0
Business,Cary,Morrisville,3.3,Meal/Entertain,2016-07-06,20:04:00,2016-07-06,20:14:00,2,10.0
Business,Morrisville,Cary,3.1,Customer Visit,2016-07-06,23:46:00,2016-07-06,23:59:00,2,13.0
Business,Cary,Morrisville,7.9,Temporary Site,2016-07-07,08:22:00,2016-07-07,08:50:00,3,28.0
Business,Morrisville,Cary,8.9,Meeting,2016-07-07,10:27:00,2016-07-07,10:33:00,3,6.0
Business,Kenner,New Orleans,12.8,Meeting,2016-07-07,12:59:00,2016-07-07,13:35:00,3,36.0
Business,CBD,Pontchartrain Beach,7.7,Meeting,2016-07-08,09:50:00,2016-07-08,10:13:00,4,23.0
Business,Pontchartrain Beach,CBD,7.0,Meeting,2016-07-08,10:51:00,2016-07-08,11:12:00,4,21.0
Business,New Orleans,Metairie,12.5,Meeting,2016-07-08,13:48:00,2016-07-08,14:11:00,4,23.0
Business,Kenner,New Orleans,13.2,Meeting,2016-07-08,17:11:00,2016-07-08,17:30:00,4,19.0
Business,New Orleans,Kenner,13.0,Meeting,2016-07-09,09:03:00,2016-07-09,09:46:00,5,43.0
Business,Kenner,Metairie,4.9,Meeting,2016-07-09,09:52:00,2016-07-09,10:06:00,5,14.0
Business,Metairie,New Orleans,8.5,Meeting,2016-07-09,10:15:00,2016-07-09,10:33:00,5,18.0
Business,CBD,St Thomas,1.3,Meeting,2016-07-10,14:10:00,2016-07-10,14:17:00,6,7.0
Business,St Thomas,CBD,1.8,Meeting,2016-07-10,16:04:00,2016-07-10,16:15:00,6,11.0
Business,New Orleans,Kenner,13.6,Meeting,2016-07-10,18:05:00,2016-07-10,18:21:00,6,16.0
Business,Kenner,New Orleans,13.4,Meeting,2016-07-10,19:51:00,2016-07-10,20:08:00,6,17.0
Business,New Orleans,Kenner,12.3,Meeting,2016-07-12,16:10:00,2016-07-12,16:45:00,1,35.0
Personal,Kenner,Kenner,1.4,Meeting,2016-07-12,19:21:00,2016-07-12,19:26:00,1,5.0
Personal,Morrisville,Cary,8.7,Meeting,2016-07-12,23:47:00,2016-07-13,00:11:00,1,24.0
Personal,Cary,Morrisville,23.5,Meeting,2016-07-13,12:39:00,2016-07-13,13:20:00,2,41.0
Personal,Morrisville,Morrisville,2.2,Meeting,2016-07-13,13:25:00,2016-07-13,13:39:00,2,14.0
Personal,Morrisville,Cary,4.4,Meeting,2016-07-13,13:42:00,2016-07-13,13:54:00,2,12.0
Personal,Cary,Morrisville,3.3,Meeting,2016-07-14,15:51:00,2016-07-14,15:59:00,3,8.0
Business,Morrisville,Morrisville,11.8,Errand/Supplies,2016-07-14,16:03:00,2016-07-14,16:34:00,3,31.0
Business,Morrisville,Banner Elk,195.3,Meeting,2016-07-14,16:39:00,2016-07-14,20:05:00,3,206.0
Personal,Banner Elk,Banner Elk,8.3,Meeting,2016-07-15,11:32:00,2016-07-15,11:53:00,4,21.0
Personal,Banner Elk,Banner Elk,3.2,Meeting,2016-07-15,12:09:00,2016-07-15,12:19:00,4,10.0
Personal,Banner Elk,Elk Park,22.4,Meeting,2016-07-15,12:35:00,2016-07-15,13:15:00,4,40.0
Personal,Elk Park,Banner Elk,12.2,Meeting,2016-07-15,15:03:00,2016-07-15,15:33:00,4,30.0
Personal,Banner Elk,Banner Elk,4.5,Meeting,2016-07-15,15:40:00,2016-07-15,15:52:00,4,12.0
Personal,Banner Elk,Newland,28.1,Meeting,2016-07-16,13:14:00,2016-07-16,14:10:00,5,56.0
Personal,Newland,Newland,3.8,Meeting,2016-07-16,14:14:00,2016-07-16,14:30:00,5,16.0
Personal,Newland,Boone,41.9,Meeting,2016-07-16,15:29:00,2016-07-16,16:57:00,5,88.0
Personal,Boone,Banner Elk,23.8,Meeting,2016-07-16,19:42:00,2016-07-16,20:35:00,5,53.0
Personal,Banner Elk,Banner Elk,13.0,Meeting,2016-07-16,21:45:00,2016-07-16,22:18:00,5,33.0
Business,Banner Elk,Banner Elk,4.4,Errand/Supplies,2016-07-16,22:50:00,2016-07-16,23:03:00,5,13.0
Personal,Banner Elk,Boone,15.1,Charity ($),2016-07-17,11:23:00,2016-07-17,11:50:00,6,27.0
Personal,Boone,Cary,180.2,Commute,2016-07-17,12:20:00,2016-07-17,15:25:00,6,185.0
Personal,Cary,Morrisville,4.1,Moving,2016-07-18,10:37:00,2016-07-18,10:49:00,0,12.0
Personal,Morrisville,Cary,6.1,Moving,2016-07-18,10:54:00,2016-07-18,11:15:00,0,21.0
Personal,Northwoods,Preston,3.3,Moving,2016-07-18,11:25:00,2016-07-18,11:36:00,0,11.0
Personal,Preston,Whitebridge,4.7,Moving,2016-07-18,11:40:00,2016-07-18,11:56:00,0,16.0
Business,Cary,Apex,7.2,Meeting,2016-07-18,17:12:00,2016-07-18,17:33:00,0,21.0
Business,Apex,Cary,5.5,Meal/Entertain,2016-07-18,18:32:00,2016-07-18,18:47:00,0,15.0
Business,Cary,Morrisville,3.3,Meal/Entertain,2016-07-18,19:07:00,2016-07-18,19:14:00,0,7.0
Business,Hazelwood,Weston,0.9,Errand/Supplies,2016-07-18,20:28:00,2016-07-18,20:32:00,0,4.0
Business,Morrisville,Cary,3.8,Meal/Entertain,2016-07-18,21:11:00,2016-07-18,21:19:00,0,8.0
Business,Whitebridge,Stonewater,6.4,Customer Visit,2016-07-19,10:35:00,2016-07-19,10:51:00,1,16.0
Business,Stonewater,Lexington Park at Amberly,3.0,Meeting,2016-07-19,10:56:00,2016-07-19,11:11:00,1,15.0
Business,Lexington Park at Amberly,Whitebridge,8.7,Meal/Entertain,2016-07-19,11:30:00,2016-07-19,12:00:00,1,30.0
Business,Whitebridge,Chessington,3.9,Errand/Supplies,2016-07-19,17:14:00,2016-07-19,17:24:00,1,10.0
Personal,Chessington,Whitebridge,4.8,Meeting,2016-07-19,17:50:00,2016-07-19,18:08:00,1,18.0
Personal,Whitebridge,Edgehill Farms,2.8,Meeting,2016-07-20,17:12:00,2016-07-20,17:24:00,2,12.0
Personal,Edgehill Farms,Preston,1.4,Meeting,2016-07-20,17:50:00,2016-07-20,17:57:00,2,7.0
Personal,Preston,Whitebridge,1.4,Meeting,2016-07-20,18:16:00,2016-07-20,18:20:00,2,4.0
Business,Whitebridge,Edgehill Farms,2.7,Meeting,2016-07-21,17:17:00,2016-07-21,17:23:00,3,6.0
Business,Edgehill Farms,Burtrose,2.3,Meeting,2016-07-21,17:42:00,2016-07-21,17:51:00,3,9.0
Business,Cary,Morrisville,3.7,Meeting,2016-07-21,18:27:00,2016-07-21,18:42:00,3,15.0
Business,Morrisville,Cary,2.9,Meeting,2016-07-21,19:30:00,2016-07-21,19:39:00,3,9.0
Business,Cary,Morrisville,3.8,Meeting,2016-07-22,10:42:00,2016-07-22,10:53:00,4,11.0
Business,Morrisville,Cary,5.1,Meeting,2016-07-22,11:11:00,2016-07-22,11:25:00,4,14.0
Business,Hazelwood,Lexington Park at Amberly,9.1,Meeting,2016-07-22,11:37:00,2016-07-22,12:00:00,4,23.0
Business,Cary,Durham,8.0,Meeting,2016-07-22,12:14:00,2016-07-22,12:31:00,4,17.0
Business,Durham,Cary,9.9,Meeting,2016-07-22,13:21:00,2016-07-22,13:42:00,4,21.0
Business,Cary,Morrisville,6.1,Meal/Entertain,2016-07-22,14:27:00,2016-07-22,14:43:00,4,16.0
Business,Morrisville,Cary,12.2,Meeting,2016-07-22,15:49:00,2016-07-22,16:22:00,4,33.0
Business,Wayne Ridge,Whitebridge,8.0,Meeting,2016-07-22,18:33:00,2016-07-22,18:51:00,4,18.0
Business,Cary,Morrisville,4.0,Meeting,2016-07-23,14:27:00,2016-07-23,14:44:00,5,17.0
Business,Morrisville,Cary,9.5,Meeting,2016-07-23,14:48:00,2016-07-23,15:12:00,5,24.0
Business,Cary,Morrisville,3.0,Meeting,2016-07-23,15:15:00,2016-07-23,15:27:00,5,12.0
Business,Morrisville,Cary,6.3,Meeting,2016-07-23,15:50:00,2016-07-23,16:10:00,5,20.0
Business,Cary,Durham,10.4,Meeting,2016-07-23,20:17:00,2016-07-23,20:33:00,5,16.0
Business,Durham,Cary,9.9,Meeting,2016-07-23,23:18:00,2016-07-23,23:43:00,5,25.0
Business,Whitebridge,Parkway,1.5,Meeting,2016-07-25,10:35:00,2016-07-25,10:41:00,0,6.0
Business,Cary,Morrisville,4.9,Meeting,2016-07-25,10:47:00,2016-07-25,10:58:00,0,11.0
Business,Morrisville,Cary,7.9,Meeting,2016-07-25,11:04:00,2016-07-25,11:33:00,0,29.0
Business,Parkway,Whitebridge,1.7,Meeting,2016-07-25,11:37:00,2016-07-25,11:44:00,0,7.0
Business,Whitebridge,Westpark Place,2.2,Meeting,2016-07-26,15:43:00,2016-07-26,15:49:00,1,6.0
Business,Westpark Place,Whitebridge,2.1,Meeting,2016-07-26,17:14:00,2016-07-26,17:24:00,1,10.0
Business,Cary,Morrisville,2.5,Meal/Entertain,2016-07-26,20:52:00,2016-07-26,21:00:00,1,8.0
Business,Morrisville,Cary,2.5,Meal/Entertain,2016-07-26,22:31:00,2016-07-26,22:39:00,1,8.0
Business,Cary,Morrisville,2.8,Meeting,2016-07-27,19:08:00,2016-07-27,19:20:00,2,12.0
Business,Morrisville,Raleigh,14.7,Meeting,2016-07-27,21:34:00,2016-07-27,21:57:00,2,23.0
Business,Raleigh,Morrisville,14.6,Meeting,2016-07-27,22:00:00,2016-07-27,22:26:00,2,26.0
Business,Morrisville,Cary,2.3,Meeting,2016-07-28,00:04:00,2016-07-28,00:09:00,3,5.0
Business,Whitebridge,Westpark Place,2.2,Meeting,2016-07-29,15:45:00,2016-07-29,15:47:00,4,2.0
Business,Westpark Place,Whitebridge,2.2,Meal/Entertain,2016-07-29,17:27:00,2016-07-29,17:45:00,4,18.0
Business,Cary,Durham,14.0,Meeting,2016-07-30,17:02:00,2016-07-30,17:27:00,5,25.0
Business,Durham,Cary,13.3,Meeting,2016-07-30,21:16:00,2016-07-30,21:41:00,5,25.0
Business,Westpark Place,Whitebridge,1.8,Meeting,2016-07-31,17:30:00,2016-07-31,17:37:00,6,7.0
Business,Whitebridge,Arlington Park at Amberly,6.2,Meeting,2016-08-01,12:47:00,2016-08-01,13:04:00,0,17.0
Business,Arlington Park at Amberly,Lexington Park at Amberly,1.3,Meeting,2016-08-01,13:08:00,2016-08-01,13:19:00,0,11.0
Business,Lexington Park at Amberly,Westpark Place,1.9,Meeting,2016-08-01,13:28:00,2016-08-01,13:46:00,0,18.0
Business,Cary,Apex,6.9,Meeting,2016-08-01,13:52:00,2016-08-01,14:14:00,0,22.0
Business,Apex,Cary,4.6,Meeting,2016-08-01,15:40:00,2016-08-01,15:47:00,0,7.0
Business,Whitebridge,Edgehill Farms,2.8,Meeting,2016-08-01,16:18:00,2016-08-01,16:25:00,0,7.0
Business,Cary,Morrisville,9.1,Meeting,2016-08-01,16:29:00,2016-08-01,16:59:00,0,30.0
Business,Morrisville,Cary,8.1,Meeting,2016-08-01,17:23:00,2016-08-01,17:55:00,0,32.0
Business,Cary,Morrisville,8.4,Meeting,2016-08-02,08:11:00,2016-08-02,08:32:00,1,21.0
Business,Arlington,Washington,4.9,Meeting,2016-08-02,11:51:00,2016-08-02,12:15:00,1,24.0
Business,Kalorama Triangle,K Street,1.0,Meeting,2016-08-02,19:15:00,2016-08-02,19:23:00,1,8.0
Business,K Street,Kalorama Triangle,1.0,Meeting,2016-08-02,21:23:00,2016-08-02,21:29:00,1,6.0
Business,West End,Northwest Rectangle,2.0,Meeting,2016-08-03,12:46:00,2016-08-03,13:00:00,2,14.0
Business,K Street,Kalorama Triangle,1.1,Meeting,2016-08-03,14:59:00,2016-08-03,15:03:00,2,4.0
Business,Kalorama Triangle,Downtown,1.5,Meeting,2016-08-03,16:00:00,2016-08-03,16:04:00,2,4.0
Business,Connecticut Avenue,Kalorama Triangle,1.3,Meeting,2016-08-05,17:23:00,2016-08-05,17:30:00,4,7.0
Business,Kalorama Triangle,Columbia Heights,1.8,Meeting,2016-08-05,18:17:00,2016-08-05,18:21:00,4,4.0
Business,Columbia Heights,Kalorama Triangle,1.5,Meeting,2016-08-05,19:17:00,2016-08-05,19:27:00,4,10.0
Business,Washington,Arlington,6.6,Meeting,2016-08-06,06:40:00,2016-08-06,06:58:00,5,18.0
Business,Morrisville,Cary,8.0,Meeting,2016-08-06,09:31:00,2016-08-06,09:53:00,5,22.0
Business,Whitebridge,Edgehill Farms,2.7,Meeting,2016-08-07,17:14:00,2016-08-07,17:23:00,6,9.0
Business,Edgehill Farms,Whitebridge,2.7,Customer Visit,2016-08-07,17:28:00,2016-08-07,17:43:00,6,15.0
Business,Cary,Morrisville,2.5,Meeting,2016-08-07,18:17:00,2016-08-07,18:23:00,6,6.0
Business,Morrisville,Cary,2.5,Meal/Entertain,2016-08-07,20:15:00,2016-08-07,20:23:00,6,8.0
Business,Whitebridge,Farmington Woods,5.2,Meeting,2016-08-08,16:17:00,2016-08-08,16:31:00,0,14.0
Business,Farmington Woods,Edgehill Farms,4.0,Meeting,2016-08-08,16:37:00,2016-08-08,16:50:00,0,13.0
Business,Edgehill Farms,Whitebridge,2.7,Customer Visit,2016-08-08,17:02:00,2016-08-08,17:13:00,0,11.0
Business,Cary,Morrisville,4.8,Meeting,2016-08-08,21:50:00,2016-08-08,22:15:00,0,25.0
Business,Morrisville,Cary,3.2,Customer Visit,2016-08-08,23:28:00,2016-08-08,23:37:00,0,9.0
Business,Whitebridge,Waverly Place,6.9,Meeting,2016-08-09,14:20:00,2016-08-09,14:38:00,1,18.0
Business,Cary,Raleigh,14.9,Meeting,2016-08-09,15:15:00,2016-08-09,15:36:00,1,21.0
Business,Raleigh,Cary,17.4,Meeting,2016-08-09,16:04:00,2016-08-09,16:37:00,1,33.0
Business,Cary,Durham,12.9,Meeting,2016-08-10,16:56:00,2016-08-10,17:24:00,2,28.0
Business,Durham,Apex,15.3,Meeting,2016-08-10,17:53:00,2016-08-10,18:28:00,2,35.0
Business,Apex,Apex,1.0,Meeting,2016-08-10,18:49:00,2016-08-10,18:50:00,2,1.0
Business,Apex,Cary,6.0,Meeting,2016-08-10,19:47:00,2016-08-10,20:02:00,2,15.0
Business,Whitebridge,Heritage Pines,2.2,Meeting,2016-08-11,12:53:00,2016-08-11,13:00:00,3,7.0
Business,Heritage Pines,Edgehill Farms,4.4,Meeting,2016-08-11,13:14:00,2016-08-11,13:28:00,3,14.0
Business,Edgehill Farms,Whitebridge,2.8,Meeting,2016-08-11,13:32:00,2016-08-11,13:42:00,3,10.0
Business,Cary,Wake Forest,31.7,Meeting,2016-08-11,18:37:00,2016-08-11,19:29:00,3,52.0
Business,Wake Forest,Cary,31.9,Meeting,2016-08-11,20:59:00,2016-08-11,21:44:00,3,45.0
Business,Whitebridge,Westpark Place,1.9,Meeting,2016-08-12,18:49:00,2016-08-12,18:52:00,4,3.0
Business,Westpark Place,Whitebridge,1.8,Meeting,2016-08-12,18:56:00,2016-08-12,19:05:00,4,9.0
Business,Cary,Morrisville,8.4,Meeting,2016-08-13,15:35:00,2016-08-13,15:58:00,5,23.0
Business,Morrisville,Morrisville,6.2,Meeting,2016-10-15,22:28:00,2016-10-15,22:48:00,5,20.0
Business,Morrisville,Cary,3.1,Meeting,2016-10-16,00:01:00,2016-10-16,00:14:00,6,13.0
Business,Cary,Durham,10.5,Meeting,2016-10-16,12:52:00,2016-10-16,13:11:00,6,19.0
Business,Durham,Morrisville,8.1,Meeting,2016-10-16,14:40:00,2016-10-16,15:01:00,6,21.0
Business,Morrisville,Cary,3.1,Meeting,2016-10-16,15:10:00,2016-10-16,15:19:00,6,9.0
Business,Whitebridge,Parkway,2.1,Meeting,2016-10-16,19:27:00,2016-10-16,19:33:00,6,6.0
Business,Cary,Morrisville,4.3,Meeting,2016-10-16,20:30:00,2016-10-16,20:39:00,6,9.0
Business,Morrisville,Cary,2.5,Meal/Entertain,2016-10-16,21:34:00,2016-10-16,21:41:00,6,7.0
Business,Cary,Raleigh,20.6,Meeting,2016-10-17,15:19:00,2016-10-17,15:57:00,0,38.0
Business,Raleigh,Cary,17.6,Meeting,2016-10-17,16:29:00,2016-10-17,17:11:00,0,42.0
Business,Cary,Apex,5.6,Meeting,2016-10-17,18:02:00,2016-10-17,18:16:00,0,14.0
Business,Apex,Apex,3.3,Meeting,2016-10-17,18:31:00,2016-10-17,18:45:00,0,14.0
Business,Apex,Cary,5.3,Meeting,2016-10-17,19:08:00,2016-10-17,19:25:00,0,17.0
Business,Whitebridge,Edgehill Farms,3.3,Meeting,2016-10-18,08:12:00,2016-10-18,08:22:00,1,10.0
Business,Edgehill Farms,Whitebridge,3.3,Meeting,2016-10-18,08:53:00,2016-10-18,09:02:00,1,9.0
Business,Cary,Morrisville,7.9,Temporary Site,2016-10-18,10:41:00,2016-10-18,11:09:00,1,28.0
Business,Oakland,Emeryville,13.0,Meeting,2016-10-18,18:12:00,2016-10-18,18:33:00,1,21.0
Business,Emeryville,Berkeley,3.0,Meeting,2016-10-18,19:03:00,2016-10-18,19:13:00,1,10.0
Business,Berkeley,Emeryville,3.0,Meeting,2016-10-18,20:31:00,2016-10-18,20:37:00,1,6.0
Business,Emeryville,Oakland,3.8,Meeting,2016-10-19,09:33:00,2016-10-19,09:47:00,2,14.0
Business,Oakland,San Francisco,9.5,Meeting,2016-10-19,09:54:00,2016-10-19,10:21:00,2,27.0
Business,SOMISSPO,French Quarter,1.7,Meeting,2016-10-19,13:45:00,2016-10-19,13:56:00,2,11.0
Business,San Francisco,Berkeley,10.8,Meeting,2016-10-19,14:02:00,2016-10-19,14:31:00,2,29.0
Business,West Berkeley,North Berkeley Hills,4.1,Meeting,2016-10-19,15:44:00,2016-10-19,16:02:00,2,18.0
Business,North Berkeley Hills,Southside,2.2,Meeting,2016-10-19,16:06:00,2016-10-19,16:19:00,2,13.0
Business,Berkeley,Emeryville,4.6,Meeting,2016-10-19,16:33:00,2016-10-19,17:01:00,2,28.0
Business,Emeryville,Berkeley,3.1,Meeting,2016-10-20,11:26:00,2016-10-20,11:34:00,3,8.0
Business,Berkeley,San Jose,47.7,Meeting,2016-10-20,12:19:00,2016-10-20,13:17:00,3,58.0
Business,San Jose,Emeryville,44.6,Meeting,2016-10-20,20:44:00,2016-10-20,21:37:00,3,53.0
Business,Emeryville,Oakland,13.2,Meeting,2016-10-21,10:06:00,2016-10-21,10:21:00,4,15.0
Business,Morrisville,Cary,8.7,Meeting,2016-10-22,00:54:00,2016-10-22,01:09:00,5,15.0
Business,Cary,Raleigh,17.2,Meeting,2016-10-22,13:26:00,2016-10-22,14:03:00,5,37.0
Business,Raleigh,Cary,14.0,Meeting,2016-10-22,17:08:00,2016-10-22,17:55:00,5,47.0
Business,Cary,Raleigh,28.1,Meeting,2016-10-23,09:24:00,2016-10-23,10:05:00,6,41.0
Business,Raleigh,Cary,28.2,Meeting,2016-10-23,12:17:00,2016-10-23,12:59:00,6,42.0
Business,Cary,Morrisville,3.1,Meal/Entertain,2016-10-23,19:04:00,2016-10-23,19:14:00,6,10.0
Business,Morrisville,Cary,3.1,Customer Visit,2016-10-23,21:10:00,2016-10-23,21:25:00,6,15.0
Business,Cary,Durham,16.4,Meeting,2016-10-24,14:57:00,2016-10-24,15:26:00,0,29.0
Business,Durham,Morrisville,15.4,Meeting,2016-10-24,15:33:00,2016-10-24,16:13:00,0,40.0
Business,Morrisville,Cary,2.2,Meeting,2016-10-24,16:34:00,2016-10-24,16:41:00,0,7.0
Business,Cary,Apex,11.2,Meeting,2016-10-25,13:27:00,2016-10-25,14:08:00,1,41.0
Business,Apex,Eagle Rock,2.2,Meeting,2016-10-25,15:04:00,2016-10-25,15:11:00,1,7.0
Business,Eagle Rock,Cary,3.6,Meeting,2016-10-25,15:16:00,2016-10-25,15:33:00,1,17.0
Business,Whitebridge,Savon Height,3.6,Meal/Entertain,2016-10-25,20:00:00,2016-10-25,20:11:00,1,11.0
Business,Savon Height,Parkway,4.9,Meeting,2016-10-25,20:54:00,2016-10-25,21:03:00,1,9.0
Business,Parkway,Whitebridge,8.7,Errand/Supplies,2016-10-25,22:24:00,2016-10-25,22:45:00,1,21.0
Business,Whitebridge,Parkway,2.1,Meeting,2016-10-26,19:25:00,2016-10-26,19:31:00,2,6.0
Business,Parkway,Whitebridge,2.1,Meeting,2016-10-26,20:53:00,2016-10-26,21:03:00,2,10.0
Business,Cary,Morrisville,8.4,Meeting,2016-10-27,18:51:00,2016-10-27,19:16:00,3,25.0
Business,Morrisville,Morrisville,5.9,Meeting,2016-10-27,19:20:00,2016-10-27,19:35:00,3,15.0
Business,Huntington Woods,Huntington Woods,12.1,Meeting,2016-10-27,19:52:00,2016-10-27,20:21:00,3,29.0
Business,Huntington Woods,Weston,3.9,Meeting,2016-10-27,20:47:00,2016-10-27,20:54:00,3,7.0
Business,Morrisville,Cary,6.2,Meeting,2016-10-27,21:26:00,2016-10-27,21:48:00,3,22.0
Business,Cary,Durham,10.4,Meeting,2016-10-28,11:34:00,2016-10-28,11:52:00,4,18.0
Business,Durham,Cary,9.9,Meeting,2016-10-28,13:06:00,2016-10-28,13:36:00,4,30.0
Business,Cary,Winston Salem,107.0,Meeting,2016-10-28,15:53:00,2016-10-28,17:59:00,4,126.0
Business,Winston Salem,Asheville,133.6,Meeting,2016-10-28,18:13:00,2016-10-28,20:07:00,4,114.0
Business,Asheville,Topton,91.8,Meeting,2016-10-28,20:13:00,2016-10-28,22:00:00,4,107.0
Business,Topton,Hayesville,40.7,Meeting,2016-10-29,15:22:00,2016-10-29,17:05:00,5,103.0
Business,Hayesville,Topton,75.7,Meeting,2016-10-29,17:13:00,2016-10-29,19:19:00,5,126.0
Business,Topton,Bryson City,29.8,Meeting,2016-10-30,07:49:00,2016-10-30,08:30:00,6,41.0
Business,Bryson City,Bryson City,16.3,Meeting,2016-10-30,09:07:00,2016-10-30,10:09:00,6,62.0
Business,Bryson City,Bryson City,6.5,Meeting,2016-10-30,10:11:00,2016-10-30,10:38:00,6,27.0
Business,Bryson City,Bryson City,6.3,Meeting,2016-10-30,10:51:00,2016-10-30,11:21:00,6,30.0
Business,Bryson City,Almond,6.6,Meeting,2016-10-30,12:24:00,2016-10-30,12:35:00,6,11.0
Business,Almond,Bryson City,15.2,Meeting,2016-10-30,12:58:00,2016-10-30,13:18:00,6,20.0
Business,Bryson City,Asheville,68.4,Meeting,2016-10-30,13:24:00,2016-10-30,14:37:00,6,73.0
Business,Asheville,Mebane,195.9,Meeting,2016-10-30,15:22:00,2016-10-30,18:23:00,6,181.0
Business,Mebane,Cary,45.2,Meeting,2016-10-30,18:26:00,2016-10-30,19:39:00,6,73.0
Business,Cary,Morrisville,3.2,Meeting,2016-10-31,18:11:00,2016-10-31,18:20:00,0,9.0
Business,Morrisville,Raleigh,10.3,Meeting,2016-10-31,18:47:00,2016-10-31,19:16:00,0,29.0
Business,Raleigh,Cary,13.1,Meeting,2016-10-31,20:18:00,2016-10-31,20:44:00,0,26.0
Business,Savon Height,Whitebridge,9.6,Errand/Supplies,2016-10-31,21:45:00,2016-10-31,22:10:00,0,25.0
Business,Cary,Durham,16.5,Meeting,2016-11-01,11:50:00,2016-11-01,12:27:00,1,37.0
Business,Durham,Cary,12.8,Meeting,2016-11-01,16:29:00,2016-11-01,17:02:00,1,33.0
Business,Whitebridge,Whitebridge,1.2,Meeting,2016-11-01,17:35:00,2016-11-01,17:42:00,1,7.0
Business,Whitebridge,Whitebridge,1.0,Meeting,2016-11-01,19:14:00,2016-11-01,19:20:00,1,6.0
Business,Whitebridge,Whitebridge,4.1,Meeting,2016-11-01,19:59:00,2016-11-01,20:12:00,1,13.0
Business,Whitebridge,Whitebridge,4.2,Meal/Entertain,2016-11-01,20:41:00,2016-11-01,20:55:00,1,14.0
Business,Whitebridge,Westpark Place,1.4,Meeting,2016-11-02,15:10:00,2016-11-02,15:18:00,2,8.0
Business,Westpark Place,Whitebridge,1.8,Meeting,2016-11-02,15:45:00,2016-11-02,15:52:00,2,7.0
Business,Cary,Morrisville,8.5,Meeting,2016-11-02,16:46:00,2016-11-02,17:11:00,2,25.0
Business,Morrisville,Morrisville,5.0,Meeting,2016-11-02,17:34:00,2016-11-02,17:49:00,2,15.0
Business,Morrisville,Cary,3.8,Meeting,2016-11-02,17:53:00,2016-11-02,18:00:00,2,7.0
Business,Whitebridge,Hazelwood,2.5,Meeting,2016-11-03,11:28:00,2016-11-03,11:34:00,3,6.0
Business,Hazelwood,Whitebridge,2.4,Meeting,2016-11-03,12:43:00,2016-11-03,12:49:00,3,6.0
Business,Whitebridge,Westpark Place,1.4,Meeting,2016-11-03,13:42:00,2016-11-03,13:47:00,3,5.0
Business,Westpark Place,Whitebridge,1.8,Meeting,2016-11-03,14:13:00,2016-11-03,14:26:00,3,13.0
Business,Cary,Morrisville,3.1,Meal/Entertain,2016-11-03,18:51:00,2016-11-03,19:08:00,3,17.0
Business,Morrisville,Cary,3.1,Customer Visit,2016-11-03,22:46:00,2016-11-03,22:58:00,3,12.0
Business,Cary,Morrisville,7.9,Temporary Site,2016-11-04,10:02:00,2016-11-04,10:18:00,4,16.0
Business,San Jose,Santa Clara,3.8,Meeting,2016-11-04,18:14:00,2016-11-04,18:21:00,4,7.0
Business,Agnew,Cory,4.3,Meeting,2016-11-04,21:04:00,2016-11-04,21:20:00,4,16.0
Business,Cory,Agnew,3.9,Meeting,2016-11-04,22:12:00,2016-11-04,22:25:00,4,13.0
Business,Agnew,Renaissance,2.2,Meeting,2016-11-05,08:34:00,2016-11-05,08:43:00,5,9.0
Business,Renaissance,Agnew,2.8,Meeting,2016-11-05,17:29:00,2016-11-05,17:40:00,5,11.0
Business,Agnew,Agnew,2.2,Meeting,2016-11-05,19:20:00,2016-11-05,19:28:00,5,8.0
Business,Agnew,Renaissance,2.4,Meeting,2016-11-06,10:50:00,2016-11-06,11:04:00,6,14.0
Business,Renaissance,Agnew,2.8,Meeting,2016-11-06,16:05:00,2016-11-06,16:22:00,6,17.0
Business,Santa Clara,Berkeley,43.9,Customer Visit,2016-11-06,16:27:00,2016-11-06,17:28:00,6,61.0
Business,Downtown,West Berkeley,1.8,Meeting,2016-11-06,19:04:00,2016-11-06,19:12:00,6,8.0
Business,West Berkeley,Central,3.3,Meeting,2016-11-06,20:06:00,2016-11-06,20:21:00,6,15.0
Business,Berkeley,San Francisco,11.8,Between Offices,2016-11-07,12:28:00,2016-11-07,12:57:00,0,29.0
Business,San Francisco,Berkeley,13.2,Between Offices,2016-11-07,19:17:00,2016-11-07,19:57:00,0,40.0
Business,Berkeley,San Francisco,12.2,Between Offices,2016-11-08,10:29:00,2016-11-08,10:57:00,1,28.0
Business,San Francisco,Berkeley,11.3,Meeting,2016-11-08,12:16:00,2016-11-08,12:49:00,1,33.0
Business,Berkeley,Emeryville,3.6,Meeting,2016-11-08,13:41:00,2016-11-08,14:01:00,1,20.0
Business,Emeryville,Berkeley,3.0,Meeting,2016-11-08,16:21:00,2016-11-08,16:34:00,1,13.0
Business,Berkeley,San Francisco,11.4,Meeting,2016-11-09,13:08:00,2016-11-09,13:41:00,2,33.0
Business,NOMA,Downtown,0.9,Meeting,2016-11-09,15:58:00,2016-11-09,16:04:00,2,6.0
Business,Downtown,Sunnyside,6.2,Meeting,2016-11-09,17:31:00,2016-11-09,18:03:00,2,32.0
Business,Sunnyside,Ingleside,0.7,Meeting,2016-11-09,18:09:00,2016-11-09,18:14:00,2,5.0
Business,Ingleside,Potrero Flats,5.5,Meeting,2016-11-09,18:21:00,2016-11-09,18:35:00,2,14.0
Business,San Francisco,Oakland,12.7,Customer Visit,2016-11-09,18:40:00,2016-11-09,19:17:00,2,37.0
Business,Oakland,Berkeley,2.6,Meeting,2016-11-09,20:52:00,2016-11-09,21:02:00,2,10.0
Business,Central,Central,1.1,Meeting,2016-11-09,21:56:00,2016-11-09,22:02:00,2,6.0
Business,Berkeley,San Francisco,12.6,Temporary Site,2016-11-10,09:46:00,2016-11-10,10:15:00,3,29.0
Business,Tenderloin,SOMISSPO,1.2,Meeting,2016-11-10,10:20:00,2016-11-10,10:31:00,3,11.0
Business,SOMISSPO,Tenderloin,1.1,Meeting,2016-11-10,14:57:00,2016-11-10,15:07:00,3,10.0
Business,San Francisco,Oakland,9.9,Temporary Site,2016-11-10,15:17:00,2016-11-10,15:22:00,3,5.0
Business,Oakland,Berkeley,6.0,Meeting,2016-11-10,15:30:00,2016-11-10,15:53:00,3,23.0
Business,West Berkeley,Central,0.8,Meeting,2016-11-10,19:18:00,2016-11-10,19:21:00,3,3.0
Business,Berkeley,Menlo Park,45.9,Customer Visit,2016-11-11,09:35:00,2016-11-11,10:23:00,4,48.0
Business,Menlo Park,Palo Alto,4.0,Meeting,2016-11-11,12:58:00,2016-11-11,13:13:00,4,15.0
Business,Palo Alto,Menlo Park,2.5,Meeting,2016-11-11,14:20:00,2016-11-11,14:32:00,4,12.0
Business,Menlo Park,Berkeley,36.6,Customer Visit,2016-11-11,14:39:00,2016-11-11,15:46:00,4,67.0
Business,Central,College Avenue,2.9,Meeting,2016-11-11,18:30:00,2016-11-11,18:43:00,4,13.0
Business,College Avenue,Central,2.6,Meeting,2016-11-11,21:08:00,2016-11-11,21:18:00,4,10.0
Business,Central,South,2.3,Meeting,2016-11-12,10:32:00,2016-11-12,10:52:00,5,20.0
Business,South,Downtown,6.4,Meeting,2016-11-12,10:55:00,2016-11-12,11:25:00,5,30.0
Business,Downtown,Central,1.4,Meeting,2016-11-12,13:07:00,2016-11-12,13:15:00,5,8.0
Business,Central,West Berkeley,0.6,Meeting,2016-11-12,13:46:00,2016-11-12,13:50:00,5,4.0
Business,West Berkeley,South,5.9,Meeting,2016-11-12,14:22:00,2016-11-12,14:53:00,5,31.0
Business,South,Southwest Berkeley,0.8,Meeting,2016-11-12,15:14:00,2016-11-12,15:21:00,5,7.0
Business,Berkeley,Emeryville,1.3,Meeting,2016-11-12,15:25:00,2016-11-12,15:36:00,5,11.0
Business,Emeryville,Berkeley,3.7,Errand/Supplies,2016-11-12,15:40:00,2016-11-12,15:59:00,5,19.0
Business,Central,Central,2.3,Meeting,2016-11-13,08:54:00,2016-11-13,09:02:00,6,8.0
Business,Central,Central,2.6,Meeting,2016-11-13,09:27:00,2016-11-13,09:53:00,6,26.0
Business,Central,Southside,1.9,Meeting,2016-11-13,10:31:00,2016-11-13,10:37:00,6,6.0
Business,Southside,West Berkeley,2.1,Meeting,2016-11-13,11:04:00,2016-11-13,11:16:00,6,12.0
Business,West Berkeley,Southside,4.0,Meeting,2016-11-13,12:22:00,2016-11-13,12:51:00,6,29.0
Business,Southside,South Berkeley,0.9,Meeting,2016-11-13,13:05:00,2016-11-13,13:11:00,6,6.0
Business,South Berkeley,Southside,0.9,Meeting,2016-11-13,13:14:00,2016-11-13,13:18:00,6,4.0
Business,Southside,Central,2.4,Meeting,2016-11-13,14:35:00,2016-11-13,14:46:00,6,11.0
Business,Central,Southside,1.9,Meeting,2016-11-13,15:14:00,2016-11-13,15:24:00,6,10.0
Business,Southside,Central,1.9,Meeting,2016-11-13,15:47:00,2016-11-13,15:59:00,6,12.0
Business,Berkeley,Mountain View,44.6,Customer Visit,2016-11-14,11:24:00,2016-11-14,12:13:00,0,49.0
Business,Mountain View,Berkeley,43.6,Customer Visit,2016-11-14,13:40:00,2016-11-14,14:33:00,0,53.0
Business,Berkeley,Emeryville,2.5,Meeting,2016-11-14,15:27:00,2016-11-14,15:36:00,0,9.0
Business,Emeryville,Berkeley,3.7,Errand/Supplies,2016-11-14,20:19:00,2016-11-14,20:30:00,0,11.0
Business,Berkeley,Oakland,5.1,Meeting,2016-11-15,13:59:00,2016-11-15,14:06:00,1,7.0
Business,Oakland,San Francisco,9.7,Temporary Site,2016-11-15,14:09:00,2016-11-15,14:26:00,1,17.0
Business,San Francisco,Berkeley,11.8,Temporary Site,2016-11-15,20:44:00,2016-11-15,21:00:00,1,16.0
Business,Berkeley,El Cerrito,2.3,Temporary Site,2016-11-16,20:21:00,2016-11-16,20:27:00,2,6.0
Business,El Cerrito,Berkeley,3.1,Meal/Entertain,2016-11-16,22:52:00,2016-11-16,23:02:00,2,10.0
Business,Berkeley,Oakland,16.3,Customer Visit,2016-11-17,10:13:00,2016-11-17,10:44:00,3,31.0
Business,Cary,Morrisville,3.1,Meal/Entertain,2016-11-18,20:09:00,2016-11-18,20:19:00,4,10.0
Business,Morrisville,Cary,5.2,Meal/Entertain,2016-11-18,21:23:00,2016-11-18,21:34:00,4,11.0
Business,Krendle Woods,Whitebridge,6.1,Meeting,2016-11-18,21:56:00,2016-11-18,22:21:00,4,25.0
Business,Cary,Durham,10.3,Meeting,2016-11-19,13:51:00,2016-11-19,14:10:00,5,19.0
Business,Durham,Cary,10.5,Meeting,2016-11-19,14:30:00,2016-11-19,14:51:00,5,21.0
Business,Cary,Cary,1.5,Meeting,2016-11-19,16:01:00,2016-11-19,16:06:00,5,5.0
Business,Cary,Cary,1.8,Meeting,2016-11-19,16:27:00,2016-11-19,16:41:00,5,14.0
Business,Cary,Apex,5.4,Errand/Supplies,2016-11-19,17:41:00,2016-11-19,17:54:00,5,13.0
Business,Apex,Cary,5.4,Customer Visit,2016-11-19,21:14:00,2016-11-19,21:35:00,5,21.0
Business,Cary,Cary,39.2,Between Offices,2016-11-20,10:27:00,2016-11-20,11:32:00,6,65.0
Business,Cary,Cary,6.4,Customer Visit,2016-11-20,11:58:00,2016-11-20,12:28:00,6,30.0
Business,Cary,Cary,2.7,Meeting,2016-11-20,14:58:00,2016-11-20,15:07:00,6,9.0
Business,Cary,Cary,18.5,Errand/Supplies,2016-11-20,17:45:00,2016-11-20,18:37:00,6,52.0
Business,Cary,Cary,2.5,Meal/Entertain,2016-11-21,13:37:00,2016-11-21,13:49:00,0,12.0
Business,Cary,Cary,2.1,Meal/Entertain,2016-11-21,14:34:00,2016-11-21,14:44:00,0,10.0
Business,Cary,Unknown Location,6.7,Errand/Supplies,2016-11-21,17:50:00,2016-11-21,18:04:00,0,14.0
Business,Unknown Location,Morrisville,3.5,Meal/Entertain,2016-11-21,18:18:00,2016-11-21,18:27:00,0,9.0
Business,Morrisville,Cary,3.4,Errand/Supplies,2016-11-21,18:43:00,2016-11-21,18:51:00,0,8.0
Business,Cary,Cary,5.5,Meeting,2016-11-22,15:12:00,2016-11-22,15:27:00,1,15.0
Business,Cary,Cary,4.1,Meeting,2016-11-22,15:31:00,2016-11-22,15:44:00,1,13.0
Business,Cary,Cary,12.7,Customer Visit,2016-11-22,15:51:00,2016-11-22,16:43:00,1,52.0
Business,Cary,Morrisville,3.0,Meal/Entertain,2016-11-22,18:18:00,2016-11-22,18:28:00,1,10.0
Business,Morrisville,Cary,3.5,Customer Visit,2016-11-22,21:02:00,2016-11-22,21:14:00,1,12.0
Business,Cary,Cary,5.9,Meal/Entertain,2016-11-23,15:34:00,2016-11-23,15:50:00,2,16.0
Business,Cary,Cary,1.9,Meeting,2016-11-23,16:18:00,2016-11-23,16:29:00,2,11.0
Business,Cary,Cary,3.3,Meeting,2016-11-23,16:49:00,2016-11-23,17:00:00,2,11.0
Business,Cary,Cary,1.3,Meeting,2016-11-23,18:37:00,2016-11-23,18:47:00,2,10.0
Business,Cary,Durham,10.3,Meeting,2016-11-25,11:47:00,2016-11-25,12:04:00,4,17.0
Business,Durham,Cary,11.1,Meeting,2016-11-25,13:13:00,2016-11-25,13:31:00,4,18.0
Business,Cary,Cary,1.4,Meeting,2016-11-26,15:54:00,2016-11-26,15:59:00,5,5.0
Business,Cary,Apex,5.1,Meeting,2016-11-26,17:00:00,2016-11-26,17:12:00,5,12.0
Business,Apex,Holly Springs,9.0,Meeting,2016-11-26,17:36:00,2016-11-26,17:56:00,5,20.0
Business,Holly Springs,Cary,13.3,Between Offices,2016-11-26,18:29:00,2016-11-26,19:04:00,5,35.0
Business,Cary,Cary,2.5,Errand/Supplies,2016-11-26,19:47:00,2016-11-26,19:54:00,5,7.0
Business,Cary,Morrisville,3.3,Meal/Entertain,2016-11-27,15:59:00,2016-11-27,16:06:00,6,7.0
Business,Morrisville,Cary,2.9,Meeting,2016-11-27,18:55:00,2016-11-27,19:09:00,6,14.0
Business,Cary,Raleigh,8.5,Customer Visit,2016-11-30,11:03:00,2016-11-30,11:34:00,2,31.0
Business,Raleigh,Morrisville,6.7,Temporary Site,2016-11-30,11:53:00,2016-11-30,12:35:00,2,42.0
Business,Morrisville,Cary,3.1,Meeting,2016-11-30,12:43:00,2016-11-30,12:53:00,2,10.0
Business,Cary,Cary,5.5,Meeting,2016-12-01,07:44:00,2016-12-01,07:59:00,3,15.0
Business,Cary,Cary,5.5,Errand/Supplies,2016-12-01,08:37:00,2016-12-01,08:53:00,3,16.0
Business,Cary,Morrisville,2.9,Meal/Entertain,2016-12-01,18:00:00,2016-12-01,18:12:00,3,12.0
Business,Morrisville,Cary,2.9,Customer Visit,2016-12-01,20:36:00,2016-12-01,20:46:00,3,10.0
Business,Cary,Apex,5.1,Meal/Entertain,2016-12-02,12:12:00,2016-12-02,12:23:00,4,11.0
Business,Apex,Cary,5.3,Customer Visit,2016-12-02,13:07:00,2016-12-02,13:22:00,4,15.0
Business,Cary,Morrisville,3.3,Meal/Entertain,2016-12-02,20:41:00,2016-12-02,20:48:00,4,7.0
Business,Morrisville,Cary,3.0,Customer Visit,2016-12-02,22:59:00,2016-12-02,23:07:00,4,8.0
Business,Cary,Wake Co.,6.6,Errand/Supplies,2016-12-03,18:35:00,2016-12-03,18:56:00,5,21.0
Business,Wake Co.,Morrisville,1.8,Meeting,2016-12-03,19:08:00,2016-12-03,19:15:00,5,7.0
Business,Morrisville,Cary,3.0,Customer Visit,2016-12-03,20:31:00,2016-12-03,20:41:00,5,10.0
Business,Cary,Morrisville,2.9,Meal/Entertain,2016-12-04,18:56:00,2016-12-04,19:03:00,6,7.0
Business,Morrisville,Cary,3.4,Customer Visit,2016-12-04,20:23:00,2016-12-04,20:34:00,6,11.0
Business,Cary,Cary,4.1,Meeting,2016-12-05,18:04:00,2016-12-05,18:17:00,0,13.0
Business,Cary,Cary,3.8,Meal/Entertain,2016-12-05,19:22:00,2016-12-05,19:37:00,0,15.0
Business,Cary,Cary,6.6,Meeting,2016-12-07,12:03:00,2016-12-07,12:32:00,2,29.0
Business,Cary,Cary,4.0,Meeting,2016-12-07,12:35:00,2016-12-07,12:46:00,2,11.0
Business,Cary,Cary,7.0,Customer Visit,2016-12-07,19:53:00,2016-12-07,20:13:00,2,20.0
Business,Cary,Cary,6.9,Meal/Entertain,2016-12-07,21:13:00,2016-12-07,21:50:00,2,37.0
Business,Cary,Cary,3.4,Errand/Supplies,2016-12-08,14:19:00,2016-12-08,14:32:00,3,13.0
Business,Cary,Cary,3.4,Errand/Supplies,2016-12-08,14:53:00,2016-12-08,15:02:00,3,9.0
Business,Cary,Cary,2.0,Meeting,2016-12-08,19:22:00,2016-12-08,19:27:00,3,5.0
Business,Cary,Cary,2.0,Errand/Supplies,2016-12-08,21:26:00,2016-12-08,21:31:00,3,5.0
Business,Cary,Apex,5.1,Errand/Supplies,2016-12-09,12:09:00,2016-12-09,12:24:00,4,15.0
Business,Apex,Cary,8.8,Temporary Site,2016-12-09,13:15:00,2016-12-09,13:43:00,4,28.0
Business,Cary,Cary,5.6,Meeting,2016-12-09,20:11:00,2016-12-09,20:34:00,4,23.0
Business,Cary,Cary,18.9,Customer Visit,2016-12-09,22:03:00,2016-12-09,22:57:00,4,54.0
Business,Cary,Fuquay-Varina,15.6,Meeting,2016-12-10,12:43:00,2016-12-10,13:16:00,5,33.0
Business,Fuquay-Varina,Cary,15.6,Errand/Supplies,2016-12-10,14:42:00,2016-12-10,15:18:00,5,36.0
Business,Cary,Morrisville,3.0,Meal/Entertain,2016-12-10,18:17:00,2016-12-10,18:27:00,5,10.0
Business,Morrisville,Cary,3.1,Customer Visit,2016-12-10,22:09:00,2016-12-10,22:21:00,5,12.0
Business,Cary,Morrisville,3.0,Meal/Entertain,2016-12-11,16:06:00,2016-12-11,16:16:00,6,10.0
Business,Morrisville,Cary,4.8,Errand/Supplies,2016-12-11,19:05:00,2016-12-11,19:15:00,6,10.0
Business,Cary,Cary,2.1,Errand/Supplies,2016-12-11,21:48:00,2016-12-11,21:56:00,6,8.0
Business,Cary,Cary,3.1,Errand/Supplies,2016-12-12,13:22:00,2016-12-12,13:32:00,0,10.0
Business,Cary,Apex,4.4,Meal/Entertain,2016-12-12,13:36:00,2016-12-12,13:51:00,0,15.0
Business,Apex,Cary,4.7,Customer Visit,2016-12-12,14:26:00,2016-12-12,14:39:00,0,13.0
Business,Cary,Morrisville,3.0,Meal/Entertain,2016-12-12,17:51:00,2016-12-12,18:01:00,0,10.0
Business,Morrisville,Cary,3.0,Customer Visit,2016-12-12,20:48:00,2016-12-12,20:57:00,0,9.0
Business,Cary,Cary,4.2,Errand/Supplies,2016-12-13,18:19:00,2016-12-13,18:29:00,1,10.0
Business,Cary,Cary,4.1,Meal/Entertain,2016-12-13,20:20:00,2016-12-13,20:29:00,1,9.0
Business,Cary,Cary,3.4,Meeting,2016-12-14,16:52:00,2016-12-14,17:10:00,2,18.0
Business,Cary,Cary,3.3,Meeting,2016-12-14,17:22:00,2016-12-14,17:34:00,2,12.0
Business,Cary,Morrisville,3.0,Meal/Entertain,2016-12-14,17:50:00,2016-12-14,18:00:00,2,10.0
Business,Morrisville,Cary,3.1,Customer Visit,2016-12-14,20:24:00,2016-12-14,20:40:00,2,16.0
Business,Cary,Morrisville,10.6,Meeting,2016-12-15,14:20:00,2016-12-15,14:54:00,3,34.0
